#Game ID,#Game Week,#Game Date,#Game Time,#Schedule Status,#Played Status,#Current Quarter,#Current Quarter Seconds Remaining,#Current Intermission,#Team In Possession,#Current Down,#Yards Remaining for First Down,#Line of Scrimmage Team,#Line of Scrimmage Yard Line,#Away Team ID,#Away Team Abbr.,#Away Team City,#Away Team Name,#Home Team ID,#Home Team Abbr.,#Home Team City,#Home Team Name,#Venue ID,#Venue Name,#Away Score Total,#Home Score Total,#Quarter 1 Away Score,#Quarter 1 Home Score,#Quarter 2 Away Score,#Quarter 2 Home Score,#Quarter 3 Away Score,#Quarter 3 Home Score,#Quarter 4 Away Score,#Quarter 4 Home Score,#Quarter 5 Away Score,#Quarter 5 Home Score,Unnamed: 37,Unnamed: 38,Unnamed: 39,Unnamed: 40,Unnamed: 41,Unnamed: 42,Unnamed: 43,Unnamed: 44
113866,1,2023-09-07,00:20:00 GMT,NORMAL,COMPLETED,,,,,,,,,61,DET,Detroit,Lions,73,KC,Kansas City,Chiefs,1365,GEHA Field at Arrowhead Stadium,21.0,20.0,7.0,0.0,0.0,14.0,7.0,3.0,7.0,3.0,,,,,,,,,,
113867,1,2023-09-10,17:00:00 GMT,NORMAL,COMPLETED,,,,,,,,,69,CAR,Carolina,Panthers,68,ATL,Atlanta,Falcons,1130,Mercedes-Benz Stadium,10.0,24.0,0.0,0.0,7.0,7.0,3.0,3.0,0.0,14.0,,,,,,,,,,
113868,1,2023-09-10,17:00:00 GMT,NORMAL,COMPLETED,,,,,,,,,64,HOU,Houston,Texans,56,BAL,Baltimore,Ravens,1091,M&T Bank Stadium,9.0,25.0,0.0,7.0,6.0,0.0,0.0,15.0,3.0,3.0,,,,,,,,,,
113869,1,2023-09-10,17:00:00 GMT,NORMAL,COMPLETED,,,,,,,,,66,JAX,Jacksonville,Jaguars,65,IND,Indianapolis,Colts,1111,Lucas Oil Stadium,31.0,21.0,7.0,0.0,7.0,7.0,3.0,14.0,14.0,0.0,,,,,,,,,,
113870,1,2023-09-10,17:00:00 GMT,NORMAL,COMPLETED,,,,,,,,,67,TEN,Tennessee,Titans,70,NO,New Orleans,Saints,1398,Caesars Superdome,15.0,16.0,6.0,3.0,3.0,3.0,0.0,10.0,6.0,0.0,,,,,,,,,,
113871,1,2023-09-10,17:00:00 GMT,NORMAL,COMPLETED,,,,,,,,,78,SF,San Francisco,49ers,59,PIT,Pittsburgh,Steelers,1888,Acrisure Stadium,30.0,7.0,10.0,0.0,10.0,7.0,7.0,0.0,3.0,0.0,,,,,,,,,,
113878,1,2023-09-10,17:00:00 GMT,NORMAL,COMPLETED,,,,,,,,,71,TB,Tampa Bay,Buccaneers,63,MIN,Minnesota,Vikings,1246,US Bank Stadium,20.0,17.0,3.0,0.0,7.0,10.0,7.0,0.0,3.0,7.0,,,,,,,,,,
113879,1,2023-09-10,17:00:00 GMT,NORMAL,COMPLETED,,,,,,,,,76,ARI,Arizona,Cardinals,55,WAS,Washington,Commanders,1157,FedEx Field,16.0,20.0,3.0,7.0,10.0,3.0,3.0,0.0,0.0,10.0,,,,,,,,,,
113880,1,2023-09-10,17:00:00 GMT,NORMAL,COMPLETED,,,,,,,,,57,CIN,Cincinnati,Bengals,58,CLE,Cleveland,Browns,1101,FirstEnergy Stadium,3.0,24.0,0.0,0.0,0.0,10.0,3.0,3.0,0.0,11.0,,,,,,,,,,
113872,1,2023-09-10,20:25:00 GMT,NORMAL,COMPLETED,,,,,,,,,62,GB,Green Bay,Packers,60,CHI,Chicago,Bears,1098,Soldier Field,38.0,20.0,7.0,3.0,3.0,3.0,14.0,8.0,14.0,6.0,,,,,,,,,,
113873,1,2023-09-10,20:25:00 GMT,NORMAL,COMPLETED,,,,,,,,,74,LV,Las Vegas,Raiders,72,DEN,Denver,Broncos,1289,Empower Field at Mile High,17.0,16.0,7.0,6.0,3.0,7.0,0.0,0.0,7.0,3.0,,,,,,,,,,
113874,1,2023-09-10,20:25:00 GMT,NORMAL,COMPLETED,,,,,,,,,49,MIA,Miami,Dolphins,75,LAC,Los Angeles,Chargers,1288,SoFi Stadium,36.0,34.0,7.0,7.0,13.0,10.0,7.0,7.0,9.0,10.0,,,,,,,,,,
113875,1,2023-09-10,20:25:00 GMT,NORMAL,COMPLETED,,,,,,,,,54,PHI,Philadelphia,Eagles,50,NE,New England,Patriots,1129,Gillette Stadium,25.0,20.0,16.0,0.0,0.0,14.0,3.0,0.0,6.0,6.0,,,,,,,,,,
113876,1,2023-09-10,20:25:00 GMT,NORMAL,COMPLETED,,,,,,,,,77,LA,Los Angeles,Rams,79,SEA,Seattle,Seahawks,1352,Lumen Field,30.0,13.0,7.0,3.0,0.0,10.0,10.0,0.0,13.0,0.0,,,,,,,,,,
113877,1,2023-09-10,00:20:00 GMT,NORMAL,COMPLETED,,,,,,,,,52,DAL,Dallas,Cowboys,53,NYG,New York,Giants,1132,MetLife Stadium,40.0,0.0,16.0,0.0,10.0,0.0,7.0,0.0,7.0,0.0,,,,,,,,,,
113881,1,2023-09-11,00:15:00 GMT,NORMAL,COMPLETED,,,,,,,,,48,BUF,Buffalo,Bills,51,NYJ,New York,Jets,1132,MetLife Stadium,16.0,22.0,3.0,0.0,10.0,3.0,0.0,3.0,3.0,10.0,0.0,6.0,,,,,,,,
113882,2,2023-09-14,00:15:00 GMT,NORMAL,COMPLETED,,,,,,,,,63,MIN,Minnesota,Vikings,54,PHI,Philadelphia,Eagles,1138,Lincoln Financial Field,28.0,34.0,0.0,3.0,7.0,10.0,7.0,14.0,14.0,7.0,,,,,,,,,,
113883,2,2023-09-17,17:00:00 GMT,NORMAL,COMPLETED,,,,,,,,,62,GB,Green Bay,Packers,68,ATL,Atlanta,Falcons,1130,Mercedes-Benz Stadium,24.0,25.0,0.0,3.0,10.0,6.0,14.0,3.0,0.0,13.0,,,,,,,,,,
113884,2,2023-09-17,17:00:00 GMT,NORMAL,COMPLETED,,,,,,,,,56,BAL,Baltimore,Ravens,57,CIN,Cincinnati,Bengals,1887,Paycor Stadium,27.0,24.0,7.0,0.0,6.0,10.0,7.0,7.0,7.0,7.0,,,,,,,,,,
113885,2,2023-09-17,17:00:00 GMT,NORMAL,COMPLETED,,,,,,,,,79,SEA,Seattle,Seahawks,61,DET,Detroit,Lions,1106,Ford Field,37.0,31.0,7.0,7.0,0.0,7.0,10.0,7.0,14.0,10.0,6.0,0.0,,,,,,,,
113886,2,2023-09-17,17:00:00 GMT,NORMAL,COMPLETED,,,,,,,,,65,IND,Indianapolis,Colts,64,HOU,Houston,Texans,1110,NRG Stadium,31.0,20.0,14.0,7.0,14.0,3.0,3.0,0.0,0.0,10.0,,,,,,,,,,
113887,2,2023-09-17,17:00:00 GMT,NORMAL,COMPLETED,,,,,,,,,73,KC,Kansas City,Chiefs,66,JAX,Jacksonville,Jaguars,1266,TIAA Bank Field,17.0,9.0,0.0,0.0,7.0,6.0,7.0,0.0,3.0,3.0,,,,,,,,,,
113888,2,2023-09-17,17:00:00 GMT,NORMAL,COMPLETED,,,,,,,,,60,CHI,Chicago,Bears,71,TB,Tampa Bay,Buccaneers,1151,Raymond James Stadium,17.0,27.0,7.0,3.0,3.0,10.0,0.0,7.0,7.0,7.0,,,,,,,,,,
113889,2,2023-09-17,17:00:00 GMT,NORMAL,COMPLETED,,,,,,,,,75,LAC,Los Angeles,Chargers,67,TEN,Tennessee,Titans,1155,Nissan Stadium,24.0,27.0,3.0,0.0,11.0,10.0,0.0,7.0,10.0,7.0,0.0,3.0,,,,,,,,
113895,2,2023-09-17,17:00:00 GMT,NORMAL,COMPLETED,,,,,,,,,74,LV,Las Vegas,Raiders,48,BUF,Buffalo,Bills,1390,Highmark Stadium,10.0,38.0,7.0,7.0,3.0,14.0,0.0,7.0,0.0,10.0,,,,,,,,,,
113890,2,2023-09-17,20:05:00 GMT,NORMAL,COMPLETED,,,,,,,,,53,NYG,New York,Giants,76,ARI,Arizona,Cardinals,1269,State Farm Stadium,31.0,28.0,0.0,7.0,0.0,13.0,14.0,8.0,17.0,0.0,,,,,,,,,,
113891,2,2023-09-17,20:05:00 GMT,NORMAL,COMPLETED,,,,,,,,,78,SF,San Francisco,49ers,77,LA,Los Angeles,Rams,1288,SoFi Stadium,30.0,23.0,7.0,3.0,10.0,14.0,3.0,0.0,10.0,6.0,,,,,,,,,,
113892,2,2023-09-17,20:25:00 GMT,NORMAL,COMPLETED,,,,,,,,,51,NYJ,New York,Jets,52,DAL,Dallas,Cowboys,1103,AT&T Stadium,10.0,30.0,0.0,7.0,10.0,11.0,0.0,6.0,0.0,6.0,,,,,,,,,,
113893,2,2023-09-17,20:25:00 GMT,NORMAL,COMPLETED,,,,,,,,,55,WAS,Washington,Commanders,72,DEN,Denver,Broncos,1289,Empower Field at Mile High,35.0,33.0,3.0,14.0,11.0,7.0,7.0,3.0,14.0,9.0,,,,,,,,,,
113894,2,2023-09-17,00:20:00 GMT,NORMAL,COMPLETED,,,,,,,,,49,MIA,Miami,Dolphins,50,NE,New England,Patriots,1129,Gillette Stadium,24.0,17.0,3.0,0.0,14.0,3.0,0.0,0.0,7.0,14.0,,,,,,,,,,
113896,2,2023-09-18,23:15:00 GMT,NORMAL,COMPLETED,,,,,,,,,70,NO,New Orleans,Saints,69,CAR,Carolina,Panthers,1096,Bank of America Stadium,20.0,17.0,3.0,3.0,3.0,0.0,7.0,3.0,7.0,11.0,,,,,,,,,,
113897,2,2023-09-18,00:15:00 GMT,NORMAL,COMPLETED,,,,,,,,,58,CLE,Cleveland,Browns,59,PIT,Pittsburgh,Steelers,1888,Acrisure Stadium,22.0,26.0,3.0,7.0,11.0,9.0,8.0,3.0,0.0,7.0,,,,,,,,,,
113898,3,2023-09-21,00:15:00 GMT,NORMAL,COMPLETED,,,,,,,,,53,NYG,New York,Giants,78,SF,San Francisco,49ers,1144,Levi's Stadium,12.0,30.0,3.0,3.0,3.0,14.0,6.0,3.0,0.0,10.0,,,,,,,,,,
113899,3,2023-09-24,17:00:00 GMT,NORMAL,COMPLETED,,,,,,,,,65,IND,Indianapolis,Colts,56,BAL,Baltimore,Ravens,1091,M&T Bank Stadium,22.0,19.0,0.0,7.0,10.0,0.0,3.0,7.0,6.0,5.0,3.0,0.0,,,,,,,,
113900,3,2023-09-24,17:00:00 GMT,NORMAL,COMPLETED,,,,,,,,,67,TEN,Tennessee,Titans,58,CLE,Cleveland,Browns,1101,FirstEnergy Stadium,3.0,27.0,0.0,3.0,3.0,10.0,0.0,7.0,0.0,7.0,,,,,,,,,,
113901,3,2023-09-24,17:00:00 GMT,NORMAL,COMPLETED,,,,,,,,,68,ATL,Atlanta,Falcons,61,DET,Detroit,Lions,1106,Ford Field,6.0,20.0,0.0,3.0,3.0,10.0,0.0,0.0,3.0,7.0,,,,,,,,,,
113902,3,2023-09-24,17:00:00 GMT,NORMAL,COMPLETED,,,,,,,,,70,NO,New Orleans,Saints,62,GB,Green Bay,Packers,1108,Lambeau Field,17.0,18.0,7.0,0.0,10.0,0.0,0.0,0.0,0.0,18.0,,,,,,,,,,
113903,3,2023-09-24,17:00:00 GMT,NORMAL,COMPLETED,,,,,,,,,64,HOU,Houston,Texans,66,JAX,Jacksonville,Jaguars,1266,TIAA Bank Field,37.0,17.0,7.0,0.0,10.0,0.0,7.0,10.0,13.0,7.0,,,,,,,,,,
113904,3,2023-09-24,17:00:00 GMT,NORMAL,COMPLETED,,,,,,,,,72,DEN,Denver,Broncos,49,MIA,Miami,Dolphins,1126,Hard Rock Stadium,20.0,70.0,7.0,14.0,6.0,21.0,0.0,14.0,7.0,21.0,,,,,,,,,,
113905,3,2023-09-24,17:00:00 GMT,NORMAL,COMPLETED,,,,,,,,,75,LAC,Los Angeles,Chargers,63,MIN,Minnesota,Vikings,1246,US Bank Stadium,28.0,24.0,7.0,0.0,7.0,10.0,7.0,7.0,7.0,7.0,,,,,,,,,,
113906,3,2023-09-24,17:00:00 GMT,NORMAL,COMPLETED,,,,,,,,,50,NE,New England,Patriots,51,NYJ,New York,Jets,1132,MetLife Stadium,15.0,10.0,3.0,0.0,7.0,3.0,3.0,0.0,2.0,7.0,,,,,,,,,,
113907,3,2023-09-24,17:00:00 GMT,NORMAL,COMPLETED,,,,,,,,,48,BUF,Buffalo,Bills,55,WAS,Washington,Commanders,1157,FedEx Field,37.0,3.0,10.0,0.0,6.0,0.0,0.0,0.0,21.0,3.0,,,,,,,,,,
113908,3,2023-09-24,20:05:00 GMT,NORMAL,COMPLETED,,,,,,,,,69,CAR,Carolina,Panthers,79,SEA,Seattle,Seahawks,1352,Lumen Field,27.0,37.0,3.0,3.0,10.0,9.0,0.0,10.0,14.0,15.0,,,,,,,,,,
113909,3,2023-09-24,20:25:00 GMT,NORMAL,COMPLETED,,,,,,,,,52,DAL,Dallas,Cowboys,76,ARI,Arizona,Cardinals,1269,State Farm Stadium,16.0,28.0,3.0,9.0,7.0,12.0,3.0,0.0,3.0,7.0,,,,,,,,,,
113910,3,2023-09-24,20:25:00 GMT,NORMAL,COMPLETED,,,,,,,,,60,CHI,Chicago,Bears,73,KC,Kansas City,Chiefs,1365,GEHA Field at Arrowhead Stadium,10.0,41.0,0.0,7.0,0.0,27.0,0.0,7.0,10.0,0.0,,,,,,,,,,
113911,3,2023-09-24,00:20:00 GMT,NORMAL,COMPLETED,,,,,,,,,59,PIT,Pittsburgh,Steelers,74,LV,Las Vegas,Raiders,1287,Allegiant Stadium,23.0,18.0,7.0,7.0,6.0,0.0,10.0,0.0,0.0,11.0,,,,,,,,,,
113912,3,2023-09-25,23:15:00 GMT,NORMAL,COMPLETED,,,,,,,,,54,PHI,Philadelphia,Eagles,71,TB,Tampa Bay,Buccaneers,1151,Raymond James Stadium,25.0,11.0,3.0,0.0,10.0,3.0,9.0,0.0,3.0,8.0,,,,,,,,,,
113913,3,2023-09-25,00:15:00 GMT,NORMAL,COMPLETED,,,,,,,,,77,LA,Los Angeles,Rams,57,CIN,Cincinnati,Bengals,1887,Paycor Stadium,16.0,19.0,3.0,0.0,3.0,6.0,3.0,10.0,7.0,3.0,,,,,,,,,,
113914,4,2023-09-28,00:15:00 GMT,NORMAL,COMPLETED,,,,,,,,,61,DET,Detroit,Lions,62,GB,Green Bay,Packers,1108,Lambeau Field,34.0,20.0,14.0,3.0,13.0,0.0,0.0,8.0,7.0,9.0,,,,,,,,,,
113915,4,2023-10-01,13:30:00 GMT,NORMAL,COMPLETED,,,,,,,,,68,ATL,Atlanta,Falcons,66,JAX,Jacksonville,Jaguars,1253,Wembley Stadium,7.0,23.0,0.0,7.0,0.0,10.0,7.0,0.0,0.0,6.0,,,,,,,,,,
113916,4,2023-10-01,17:00:00 GMT,NORMAL,COMPLETED,,,,,,,,,49,MIA,Miami,Dolphins,48,BUF,Buffalo,Bills,1390,Highmark Stadium,20.0,48.0,7.0,14.0,7.0,17.0,6.0,10.0,0.0,7.0,,,,,,,,,,
113917,4,2023-10-01,17:00:00 GMT,NORMAL,COMPLETED,,,,,,,,,63,MIN,Minnesota,Vikings,69,CAR,Carolina,Panthers,1096,Bank of America Stadium,21.0,13.0,0.0,7.0,7.0,6.0,14.0,0.0,0.0,0.0,,,,,,,,,,
113918,4,2023-10-01,17:00:00 GMT,NORMAL,COMPLETED,,,,,,,,,72,DEN,Denver,Broncos,60,CHI,Chicago,Bears,1098,Soldier Field,31.0,28.0,7.0,0.0,0.0,21.0,7.0,7.0,17.0,0.0,,,,,,,,,,
113919,4,2023-10-01,17:00:00 GMT,NORMAL,COMPLETED,,,,,,,,,56,BAL,Baltimore,Ravens,58,CLE,Cleveland,Browns,1101,FirstEnergy Stadium,28.0,3.0,7.0,3.0,14.0,0.0,0.0,0.0,7.0,0.0,,,,,,,,,,
113920,4,2023-10-01,17:00:00 GMT,NORMAL,COMPLETED,,,,,,,,,59,PIT,Pittsburgh,Steelers,64,HOU,Houston,Texans,1110,NRG Stadium,6.0,30.0,0.0,10.0,0.0,6.0,6.0,0.0,0.0,14.0,,,,,,,,,,
113921,4,2023-10-01,17:00:00 GMT,NORMAL,COMPLETED,,,,,,,,,77,LA,Los Angeles,Rams,65,IND,Indianapolis,Colts,1111,Lucas Oil Stadium,29.0,23.0,14.0,0.0,6.0,0.0,3.0,8.0,0.0,15.0,6.0,0.0,,,,,,,,
113922,4,2023-10-01,17:00:00 GMT,NORMAL,COMPLETED,,,,,,,,,71,TB,Tampa Bay,Buccaneers,70,NO,New Orleans,Saints,1398,Caesars Superdome,26.0,9.0,0.0,3.0,14.0,0.0,0.0,3.0,12.0,3.0,,,,,,,,,,
113923,4,2023-10-01,17:00:00 GMT,NORMAL,COMPLETED,,,,,,,,,55,WAS,Washington,Commanders,54,PHI,Philadelphia,Eagles,1138,Lincoln Financial Field,31.0,34.0,7.0,7.0,10.0,3.0,0.0,11.0,14.0,10.0,0.0,3.0,,,,,,,,
113924,4,2023-10-01,17:00:00 GMT,NORMAL,COMPLETED,,,,,,,,,57,CIN,Cincinnati,Bengals,67,TEN,Tennessee,Titans,1155,Nissan Stadium,3.0,27.0,3.0,3.0,0.0,21.0,0.0,3.0,0.0,0.0,,,,,,,,,,
113925,4,2023-10-01,20:05:00 GMT,NORMAL,COMPLETED,,,,,,,,,74,LV,Las Vegas,Raiders,75,LAC,Los Angeles,Chargers,1288,SoFi Stadium,17.0,24.0,7.0,7.0,0.0,17.0,3.0,0.0,7.0,0.0,,,,,,,,,,
113926,4,2023-10-01,20:25:00 GMT,NORMAL,COMPLETED,,,,,,,,,50,NE,New England,Patriots,52,DAL,Dallas,Cowboys,1103,AT&T Stadium,3.0,38.0,3.0,10.0,0.0,18.0,0.0,3.0,0.0,7.0,,,,,,,,,,
113927,4,2023-10-01,20:25:00 GMT,NORMAL,COMPLETED,,,,,,,,,76,ARI,Arizona,Cardinals,78,SF,San Francisco,49ers,1144,Levi's Stadium,16.0,35.0,0.0,7.0,10.0,14.0,6.0,0.0,0.0,14.0,,,,,,,,,,
113928,4,2023-10-01,00:20:00 GMT,NORMAL,COMPLETED,,,,,,,,,73,KC,Kansas City,Chiefs,51,NYJ,New York,Jets,1132,MetLife Stadium,23.0,20.0,17.0,0.0,3.0,12.0,0.0,8.0,3.0,0.0,,,,,,,,,,
113929,4,2023-10-02,00:15:00 GMT,NORMAL,COMPLETED,,,,,,,,,79,SEA,Seattle,Seahawks,53,NYG,New York,Giants,1132,MetLife Stadium,24.0,3.0,7.0,0.0,7.0,3.0,7.0,0.0,3.0,0.0,,,,,,,,,,
113930,5,2023-10-05,00:15:00 GMT,NORMAL,COMPLETED,,,,,,,,,60,CHI,Chicago,Bears,55,WAS,Washington,Commanders,1157,FedEx Field,40.0,20.0,10.0,0.0,17.0,3.0,0.0,11.0,13.0,6.0,,,,,,,,,,
113931,5,2023-10-08,13:30:00 GMT,NORMAL,COMPLETED,,,,,,,,,66,JAX,Jacksonville,Jaguars,48,BUF,Buffalo,Bills,1366,Tottenham Hotspur Stadium,25.0,20.0,11.0,0.0,0.0,7.0,0.0,0.0,14.0,13.0,,,,,,,,,,
113932,5,2023-10-08,17:00:00 GMT,NORMAL,COMPLETED,,,,,,,,,64,HOU,Houston,Texans,68,ATL,Atlanta,Falcons,1130,Mercedes-Benz Stadium,19.0,21.0,3.0,7.0,6.0,0.0,3.0,0.0,7.0,14.0,,,,,,,,,,
113933,5,2023-10-08,17:00:00 GMT,NORMAL,COMPLETED,,,,,,,,,69,CAR,Carolina,Panthers,61,DET,Detroit,Lions,1106,Ford Field,24.0,42.0,0.0,14.0,10.0,14.0,0.0,0.0,14.0,14.0,,,,,,,,,,
113934,5,2023-10-08,17:00:00 GMT,NORMAL,COMPLETED,,,,,,,,,67,TEN,Tennessee,Titans,65,IND,Indianapolis,Colts,1111,Lucas Oil Stadium,16.0,23.0,3.0,7.0,3.0,3.0,10.0,7.0,0.0,6.0,,,,,,,,,,
113935,5,2023-10-08,17:00:00 GMT,NORMAL,COMPLETED,,,,,,,,,53,NYG,New York,Giants,49,MIA,Miami,Dolphins,1126,Hard Rock Stadium,16.0,31.0,0.0,7.0,10.0,10.0,3.0,14.0,3.0,0.0,,,,,,,,,,
113936,5,2023-10-08,17:00:00 GMT,NORMAL,COMPLETED,,,,,,,,,70,NO,New Orleans,Saints,50,NE,New England,Patriots,1129,Gillette Stadium,34.0,0.0,7.0,0.0,14.0,0.0,3.0,0.0,10.0,0.0,,,,,,,,,,
113937,5,2023-10-08,17:00:00 GMT,NORMAL,COMPLETED,,,,,,,,,56,BAL,Baltimore,Ravens,59,PIT,Pittsburgh,Steelers,1888,Acrisure Stadium,10.0,17.0,7.0,0.0,3.0,3.0,0.0,0.0,0.0,14.0,,,,,,,,,,
113938,5,2023-10-08,20:05:00 GMT,NORMAL,COMPLETED,,,,,,,,,57,CIN,Cincinnati,Bengals,76,ARI,Arizona,Cardinals,1269,State Farm Stadium,34.0,20.0,10.0,0.0,7.0,14.0,7.0,6.0,10.0,0.0,,,,,,,,,,
113939,5,2023-10-08,20:05:00 GMT,NORMAL,COMPLETED,,,,,,,,,54,PHI,Philadelphia,Eagles,77,LA,Los Angeles,Rams,1288,SoFi Stadium,23.0,14.0,7.0,7.0,10.0,7.0,0.0,0.0,6.0,0.0,,,,,,,,,,
113940,5,2023-10-08,20:25:00 GMT,NORMAL,COMPLETED,,,,,,,,,51,NYJ,New York,Jets,72,DEN,Denver,Broncos,1289,Empower Field at Mile High,31.0,21.0,5.0,7.0,3.0,6.0,10.0,0.0,13.0,8.0,,,,,,,,,,
113941,5,2023-10-08,20:25:00 GMT,NORMAL,COMPLETED,,,,,,,,,73,KC,Kansas City,Chiefs,63,MIN,Minnesota,Vikings,1246,US Bank Stadium,27.0,20.0,7.0,3.0,6.0,10.0,14.0,0.0,0.0,7.0,,,,,,,,,,
113942,5,2023-10-08,00:20:00 GMT,NORMAL,COMPLETED,,,,,,,,,52,DAL,Dallas,Cowboys,78,SF,San Francisco,49ers,1144,Levi's Stadium,10.0,42.0,0.0,7.0,7.0,14.0,3.0,7.0,0.0,14.0,,,,,,,,,,
113943,5,2023-10-09,00:15:00 GMT,NORMAL,COMPLETED,,,,,,,,,62,GB,Green Bay,Packers,74,LV,Las Vegas,Raiders,1287,Allegiant Stadium,13.0,17.0,3.0,0.0,0.0,10.0,10.0,0.0,0.0,7.0,,,,,,,,,,
113944,6,2023-10-12,00:15:00 GMT,NORMAL,COMPLETED,,,,,,,,,72,DEN,Denver,Broncos,73,KC,Kansas City,Chiefs,1365,GEHA Field at Arrowhead Stadium,8.0,19.0,0.0,3.0,0.0,10.0,0.0,3.0,8.0,3.0,,,,,,,,,,
113945,6,2023-10-15,13:30:00 GMT,NORMAL,COMPLETED,,,,,,,,,56,BAL,Baltimore,Ravens,67,TEN,Tennessee,Titans,1366,Tottenham Hotspur Stadium,24.0,16.0,6.0,3.0,12.0,0.0,0.0,10.0,6.0,3.0,,,,,,,,,,
113946,6,2023-10-15,17:00:00 GMT,NORMAL,COMPLETED,,,,,,,,,55,WAS,Washington,Commanders,68,ATL,Atlanta,Falcons,1130,Mercedes-Benz Stadium,24.0,16.0,3.0,7.0,14.0,3.0,7.0,0.0,0.0,6.0,,,,,,,,,,
113947,6,2023-10-15,17:00:00 GMT,NORMAL,COMPLETED,,,,,,,,,63,MIN,Minnesota,Vikings,60,CHI,Chicago,Bears,1098,Soldier Field,19.0,13.0,3.0,0.0,9.0,6.0,7.0,0.0,0.0,7.0,,,,,,,,,,
113948,6,2023-10-15,17:00:00 GMT,NORMAL,COMPLETED,,,,,,,,,79,SEA,Seattle,Seahawks,57,CIN,Cincinnati,Bengals,1887,Paycor Stadium,13.0,17.0,7.0,7.0,3.0,7.0,3.0,0.0,0.0,3.0,,,,,,,,,,
113949,6,2023-10-15,17:00:00 GMT,NORMAL,COMPLETED,,,,,,,,,78,SF,San Francisco,49ers,58,CLE,Cleveland,Browns,1101,FirstEnergy Stadium,17.0,19.0,7.0,0.0,3.0,7.0,0.0,6.0,7.0,6.0,,,,,,,,,,
113950,6,2023-10-15,17:00:00 GMT,NORMAL,COMPLETED,,,,,,,,,70,NO,New Orleans,Saints,64,HOU,Houston,Texans,1110,NRG Stadium,13.0,20.0,7.0,7.0,3.0,10.0,3.0,3.0,0.0,0.0,,,,,,,,,,
113951,6,2023-10-15,17:00:00 GMT,NORMAL,COMPLETED,,,,,,,,,65,IND,Indianapolis,Colts,66,JAX,Jacksonville,Jaguars,1266,TIAA Bank Field,20.0,37.0,3.0,0.0,3.0,21.0,0.0,10.0,14.0,6.0,,,,,,,,,,
113952,6,2023-10-15,17:00:00 GMT,NORMAL,COMPLETED,,,,,,,,,69,CAR,Carolina,Panthers,49,MIA,Miami,Dolphins,1126,Hard Rock Stadium,21.0,42.0,14.0,0.0,0.0,21.0,0.0,7.0,7.0,14.0,,,,,,,,,,
113954,6,2023-10-15,20:05:00 GMT,NORMAL,COMPLETED,,,,,,,,,50,NE,New England,Patriots,74,LV,Las Vegas,Raiders,1287,Allegiant Stadium,17.0,21.0,0.0,3.0,3.0,10.0,7.0,3.0,7.0,5.0,,,,,,,,,,
113953,6,2023-10-15,20:25:00 GMT,NORMAL,COMPLETED,,,,,,,,,61,DET,Detroit,Lions,71,TB,Tampa Bay,Buccaneers,1151,Raymond James Stadium,20.0,6.0,3.0,0.0,7.0,3.0,7.0,3.0,3.0,0.0,,,,,,,,,,
113955,6,2023-10-15,20:25:00 GMT,NORMAL,COMPLETED,,,,,,,,,76,ARI,Arizona,Cardinals,77,LA,Los Angeles,Rams,1288,SoFi Stadium,9.0,26.0,3.0,3.0,6.0,3.0,0.0,10.0,0.0,10.0,,,,,,,,,,
113956,6,2023-10-15,20:25:00 GMT,NORMAL,COMPLETED,,,,,,,,,54,PHI,Philadelphia,Eagles,51,NYJ,New York,Jets,1132,MetLife Stadium,14.0,20.0,7.0,0.0,7.0,9.0,0.0,3.0,0.0,8.0,,,,,,,,,,
113957,6,2023-10-15,00:20:00 GMT,NORMAL,COMPLETED,,,,,,,,,53,NYG,New York,Giants,48,BUF,Buffalo,Bills,1390,Highmark Stadium,9.0,14.0,3.0,0.0,3.0,0.0,0.0,0.0,3.0,14.0,,,,,,,,,,
113958,6,2023-10-16,00:15:00 GMT,NORMAL,COMPLETED,,,,,,,,,52,DAL,Dallas,Cowboys,75,LAC,Los Angeles,Chargers,1288,SoFi Stadium,20.0,17.0,7.0,7.0,3.0,0.0,0.0,3.0,10.0,7.0,,,,,,,,,,
113959,7,2023-10-19,00:15:00 GMT,NORMAL,COMPLETED,,,,,,,,,66,JAX,Jacksonville,Jaguars,70,NO,New Orleans,Saints,1398,Caesars Superdome,31.0,24.0,7.0,3.0,10.0,3.0,7.0,3.0,7.0,15.0,,,,,,,,,,
113960,7,2023-10-22,17:00:00 GMT,NORMAL,COMPLETED,,,,,,,,,61,DET,Detroit,Lions,56,BAL,Baltimore,Ravens,1091,M&T Bank Stadium,6.0,38.0,0.0,14.0,0.0,14.0,0.0,7.0,6.0,3.0,,,,,,,,,,
113961,7,2023-10-22,17:00:00 GMT,NORMAL,COMPLETED,,,,,,,,,74,LV,Las Vegas,Raiders,60,CHI,Chicago,Bears,1098,Soldier Field,12.0,30.0,0.0,7.0,3.0,7.0,0.0,7.0,9.0,9.0,,,,,,,,,,
113962,7,2023-10-22,17:00:00 GMT,NORMAL,COMPLETED,,,,,,,,,58,CLE,Cleveland,Browns,65,IND,Indianapolis,Colts,1111,Lucas Oil Stadium,39.0,38.0,7.0,14.0,20.0,7.0,3.0,7.0,9.0,10.0,,,,,,,,,,
113963,7,2023-10-22,17:00:00 GMT,NORMAL,COMPLETED,,,,,,,,,48,BUF,Buffalo,Bills,50,NE,New England,Patriots,1129,Gillette Stadium,25.0,29.0,0.0,10.0,3.0,3.0,7.0,3.0,15.0,13.0,,,,,,,,,,
113964,7,2023-10-22,17:00:00 GMT,NORMAL,COMPLETED,,,,,,,,,55,WAS,Washington,Commanders,53,NYG,New York,Giants,1132,MetLife Stadium,7.0,14.0,0.0,0.0,0.0,14.0,7.0,0.0,0.0,0.0,,,,,,,,,,
113965,7,2023-10-22,17:00:00 GMT,NORMAL,COMPLETED,,,,,,,,,68,ATL,Atlanta,Falcons,71,TB,Tampa Bay,Buccaneers,1151,Raymond James Stadium,16.0,13.0,7.0,7.0,3.0,3.0,3.0,0.0,3.0,3.0,,,,,,,,,,
113966,7,2023-10-22,20:05:00 GMT,NORMAL,COMPLETED,,,,,,,,,59,PIT,Pittsburgh,Steelers,77,LA,Los Angeles,Rams,1288,SoFi Stadium,24.0,17.0,0.0,0.0,3.0,9.0,7.0,8.0,14.0,0.0,,,,,,,,,,
113967,7,2023-10-22,20:05:00 GMT,NORMAL,COMPLETED,,,,,,,,,76,ARI,Arizona,Cardinals,79,SEA,Seattle,Seahawks,1352,Lumen Field,10.0,20.0,3.0,7.0,7.0,7.0,0.0,3.0,0.0,3.0,,,,,,,,,,
113968,7,2023-10-22,20:25:00 GMT,NORMAL,COMPLETED,,,,,,,,,62,GB,Green Bay,Packers,72,DEN,Denver,Broncos,1289,Empower Field at Mile High,17.0,19.0,0.0,3.0,0.0,6.0,10.0,7.0,7.0,3.0,,,,,,,,,,
113969,7,2023-10-22,20:25:00 GMT,NORMAL,COMPLETED,,,,,,,,,75,LAC,Los Angeles,Chargers,73,KC,Kansas City,Chiefs,1365,GEHA Field at Arrowhead Stadium,17.0,31.0,3.0,3.0,14.0,21.0,0.0,0.0,0.0,7.0,,,,,,,,,,
113970,7,2023-10-22,00:20:00 GMT,NORMAL,COMPLETED,,,,,,,,,49,MIA,Miami,Dolphins,54,PHI,Philadelphia,Eagles,1138,Lincoln Financial Field,17.0,31.0,3.0,3.0,7.0,14.0,7.0,7.0,0.0,7.0,,,,,,,,,,
113971,7,2023-10-23,00:15:00 GMT,NORMAL,COMPLETED,,,,,,,,,78,SF,San Francisco,49ers,63,MIN,Minnesota,Vikings,1246,US Bank Stadium,17.0,22.0,0.0,7.0,7.0,9.0,7.0,6.0,3.0,0.0,,,,,,,,,,
113972,8,2023-10-26,00:15:00 GMT,NORMAL,COMPLETED,,,,,,,,,71,TB,Tampa Bay,Buccaneers,48,BUF,Buffalo,Bills,1390,Highmark Stadium,18.0,24.0,0.0,3.0,10.0,14.0,0.0,7.0,8.0,0.0,,,,,,,,,,
113973,8,2023-10-29,17:00:00 GMT,NORMAL,COMPLETED,,,,,,,,,64,HOU,Houston,Texans,69,CAR,Carolina,Panthers,1096,Bank of America Stadium,13.0,15.0,0.0,0.0,7.0,6.0,6.0,6.0,0.0,3.0,,,,,,,,,,
113974,8,2023-10-29,17:00:00 GMT,NORMAL,COMPLETED,,,,,,,,,77,LA,Los Angeles,Rams,52,DAL,Dallas,Cowboys,1103,AT&T Stadium,20.0,43.0,3.0,17.0,6.0,16.0,8.0,3.0,3.0,7.0,,,,,,,,,,
113975,8,2023-10-29,17:00:00 GMT,NORMAL,COMPLETED,,,,,,,,,63,MIN,Minnesota,Vikings,62,GB,Green Bay,Packers,1108,Lambeau Field,24.0,10.0,7.0,0.0,3.0,3.0,14.0,7.0,0.0,0.0,,,,,,,,,,
113976,8,2023-10-29,17:00:00 GMT,NORMAL,COMPLETED,,,,,,,,,70,NO,New Orleans,Saints,65,IND,Indianapolis,Colts,1111,Lucas Oil Stadium,38.0,27.0,7.0,7.0,14.0,13.0,7.0,0.0,10.0,7.0,,,,,,,,,,
113977,8,2023-10-29,17:00:00 GMT,NORMAL,COMPLETED,,,,,,,,,50,NE,New England,Patriots,49,MIA,Miami,Dolphins,1126,Hard Rock Stadium,17.0,31.0,7.0,7.0,0.0,10.0,3.0,7.0,7.0,7.0,,,,,,,,,,
113978,8,2023-10-29,17:00:00 GMT,NORMAL,COMPLETED,,,,,,,,,51,NYJ,New York,Jets,53,NYG,New York,Giants,1132,MetLife Stadium,13.0,10.0,7.0,3.0,0.0,0.0,0.0,7.0,3.0,0.0,3.0,0.0,,,,,,,,
113979,8,2023-10-29,17:00:00 GMT,NORMAL,COMPLETED,,,,,,,,,66,JAX,Jacksonville,Jaguars,59,PIT,Pittsburgh,Steelers,1888,Acrisure Stadium,20.0,10.0,6.0,0.0,3.0,3.0,8.0,7.0,3.0,0.0,,,,,,,,,,
113980,8,2023-10-29,17:00:00 GMT,NORMAL,COMPLETED,,,,,,,,,68,ATL,Atlanta,Falcons,67,TEN,Tennessee,Titans,1155,Nissan Stadium,23.0,28.0,3.0,7.0,0.0,7.0,6.0,7.0,14.0,7.0,,,,,,,,,,
113981,8,2023-10-29,17:00:00 GMT,NORMAL,COMPLETED,,,,,,,,,54,PHI,Philadelphia,Eagles,55,WAS,Washington,Commanders,1157,FedEx Field,38.0,31.0,3.0,7.0,7.0,10.0,7.0,0.0,21.0,14.0,,,,,,,,,,
113982,8,2023-10-29,20:05:00 GMT,NORMAL,COMPLETED,,,,,,,,,58,CLE,Cleveland,Browns,79,SEA,Seattle,Seahawks,1352,Lumen Field,20.0,24.0,7.0,17.0,7.0,0.0,6.0,0.0,0.0,7.0,,,,,,,,,,
113983,8,2023-10-29,20:25:00 GMT,NORMAL,COMPLETED,,,,,,,,,56,BAL,Baltimore,Ravens,76,ARI,Arizona,Cardinals,1269,State Farm Stadium,31.0,24.0,7.0,7.0,7.0,0.0,7.0,0.0,10.0,17.0,,,,,,,,,,
113984,8,2023-10-29,20:25:00 GMT,NORMAL,COMPLETED,,,,,,,,,73,KC,Kansas City,Chiefs,72,DEN,Denver,Broncos,1289,Empower Field at Mile High,9.0,24.0,3.0,7.0,6.0,7.0,0.0,0.0,0.0,10.0,,,,,,,,,,
113985,8,2023-10-29,20:25:00 GMT,NORMAL,COMPLETED,,,,,,,,,57,CIN,Cincinnati,Bengals,78,SF,San Francisco,49ers,1144,Levi's Stadium,31.0,17.0,14.0,7.0,0.0,3.0,3.0,0.0,14.0,7.0,,,,,,,,,,
113986,8,2023-10-29,00:20:00 GMT,NORMAL,COMPLETED,,,,,,,,,60,CHI,Chicago,Bears,75,LAC,Los Angeles,Chargers,1288,SoFi Stadium,13.0,30.0,0.0,14.0,7.0,10.0,0.0,6.0,6.0,0.0,,,,,,,,,,
113987,8,2023-10-30,00:15:00 GMT,NORMAL,COMPLETED,,,,,,,,,74,LV,Las Vegas,Raiders,61,DET,Detroit,Lions,1106,Ford Field,14.0,26.0,0.0,3.0,7.0,13.0,7.0,7.0,0.0,3.0,,,,,,,,,,
113988,9,2023-11-02,00:15:00 GMT,NORMAL,COMPLETED,,,,,,,,,67,TEN,Tennessee,Titans,59,PIT,Pittsburgh,Steelers,1888,Acrisure Stadium,16.0,20.0,3.0,7.0,10.0,3.0,3.0,3.0,0.0,7.0,,,,,,,,,,
114000,9,2023-11-05,14:30:00 GMT,NORMAL,COMPLETED,,,,,,,,,49,MIA,Miami,Dolphins,73,KC,Kansas City,Chiefs,2414,Deutsche Bank Park,14.0,21.0,0.0,7.0,0.0,14.0,14.0,0.0,0.0,0.0,,,,,,,,,,
113989,9,2023-11-05,18:00:00 GMT,NORMAL,COMPLETED,,,,,,,,,63,MIN,Minnesota,Vikings,68,ATL,Atlanta,Falcons,1130,Mercedes-Benz Stadium,31.0,28.0,3.0,3.0,7.0,8.0,11.0,10.0,10.0,7.0,,,,,,,,,,
113990,9,2023-11-05,18:00:00 GMT,NORMAL,COMPLETED,,,,,,,,,79,SEA,Seattle,Seahawks,56,BAL,Baltimore,Ravens,1091,M&T Bank Stadium,3.0,37.0,0.0,0.0,3.0,17.0,0.0,13.0,0.0,7.0,,,,,,,,,,
113991,9,2023-11-05,18:00:00 GMT,NORMAL,COMPLETED,,,,,,,,,76,ARI,Arizona,Cardinals,58,CLE,Cleveland,Browns,1101,FirstEnergy Stadium,0.0,27.0,0.0,0.0,0.0,13.0,0.0,7.0,0.0,7.0,,,,,,,,,,
113992,9,2023-11-05,18:00:00 GMT,NORMAL,COMPLETED,,,,,,,,,77,LA,Los Angeles,Rams,62,GB,Green Bay,Packers,1108,Lambeau Field,3.0,20.0,0.0,0.0,3.0,7.0,0.0,3.0,0.0,10.0,,,,,,,,,,
113993,9,2023-11-05,18:00:00 GMT,NORMAL,COMPLETED,,,,,,,,,71,TB,Tampa Bay,Buccaneers,64,HOU,Houston,Texans,1110,NRG Stadium,37.0,39.0,10.0,7.0,7.0,3.0,6.0,12.0,14.0,17.0,,,,,,,,,,
113994,9,2023-11-05,18:00:00 GMT,NORMAL,COMPLETED,,,,,,,,,55,WAS,Washington,Commanders,50,NE,New England,Patriots,1129,Gillette Stadium,20.0,17.0,3.0,0.0,7.0,14.0,10.0,3.0,0.0,0.0,,,,,,,,,,
113995,9,2023-11-05,18:00:00 GMT,NORMAL,COMPLETED,,,,,,,,,60,CHI,Chicago,Bears,70,NO,New Orleans,Saints,1398,Caesars Superdome,17.0,24.0,7.0,7.0,7.0,7.0,3.0,3.0,0.0,7.0,,,,,,,,,,
113996,9,2023-11-05,21:05:00 GMT,NORMAL,COMPLETED,,,,,,,,,65,IND,Indianapolis,Colts,69,CAR,Carolina,Panthers,1096,Bank of America Stadium,27.0,13.0,0.0,0.0,20.0,3.0,0.0,7.0,7.0,3.0,,,,,,,,,,
113997,9,2023-11-05,21:25:00 GMT,NORMAL,COMPLETED,,,,,,,,,53,NYG,New York,Giants,74,LV,Las Vegas,Raiders,1287,Allegiant Stadium,6.0,30.0,0.0,7.0,0.0,17.0,0.0,3.0,6.0,3.0,,,,,,,,,,
113998,9,2023-11-05,21:25:00 GMT,NORMAL,COMPLETED,,,,,,,,,52,DAL,Dallas,Cowboys,54,PHI,Philadelphia,Eagles,1138,Lincoln Financial Field,23.0,28.0,7.0,7.0,10.0,7.0,0.0,14.0,6.0,0.0,,,,,,,,,,
113999,9,2023-11-05,01:20:00 GMT,NORMAL,COMPLETED,,,,,,,,,48,BUF,Buffalo,Bills,57,CIN,Cincinnati,Bengals,1887,Paycor Stadium,18.0,24.0,7.0,14.0,0.0,7.0,3.0,0.0,8.0,3.0,,,,,,,,,,
114001,9,2023-11-06,01:15:00 GMT,NORMAL,COMPLETED,,,,,,,,,75,LAC,Los Angeles,Chargers,51,NYJ,New York,Jets,1132,MetLife Stadium,27.0,6.0,14.0,0.0,3.0,3.0,0.0,3.0,10.0,0.0,,,,,,,,,,
114002,10,2023-11-09,01:15:00 GMT,NORMAL,COMPLETED,,,,,,,,,69,CAR,Carolina,Panthers,60,CHI,Chicago,Bears,1098,Soldier Field,13.0,16.0,7.0,3.0,3.0,6.0,0.0,7.0,3.0,0.0,,,,,,,,,,
114003,10,2023-11-12,14:30:00 GMT,NORMAL,COMPLETED,,,,,,,,,65,IND,Indianapolis,Colts,50,NE,New England,Patriots,2414,Deutsche Bank Park,10.0,6.0,7.0,3.0,0.0,0.0,0.0,0.0,3.0,3.0,,,,,,,,,,
114004,10,2023-11-12,18:00:00 GMT,NORMAL,COMPLETED,,,,,,,,,58,CLE,Cleveland,Browns,56,BAL,Baltimore,Ravens,1091,M&T Bank Stadium,33.0,31.0,3.0,17.0,6.0,0.0,8.0,7.0,16.0,7.0,,,,,,,,,,
114005,10,2023-11-12,18:00:00 GMT,NORMAL,COMPLETED,,,,,,,,,64,HOU,Houston,Texans,57,CIN,Cincinnati,Bengals,1887,Paycor Stadium,30.0,27.0,0.0,7.0,10.0,0.0,10.0,10.0,10.0,10.0,,,,,,,,,,
114006,10,2023-11-12,18:00:00 GMT,NORMAL,COMPLETED,,,,,,,,,78,SF,San Francisco,49ers,66,JAX,Jacksonville,Jaguars,1266,TIAA Bank Field,34.0,3.0,10.0,0.0,3.0,3.0,14.0,0.0,7.0,0.0,,,,,,,,,,
114007,10,2023-11-12,18:00:00 GMT,NORMAL,COMPLETED,,,,,,,,,70,NO,New Orleans,Saints,63,MIN,Minnesota,Vikings,1246,US Bank Stadium,19.0,27.0,3.0,3.0,0.0,21.0,8.0,3.0,8.0,0.0,,,,,,,,,,
114008,10,2023-11-12,18:00:00 GMT,NORMAL,COMPLETED,,,,,,,,,62,GB,Green Bay,Packers,59,PIT,Pittsburgh,Steelers,1888,Acrisure Stadium,19.0,23.0,7.0,7.0,6.0,10.0,6.0,3.0,0.0,3.0,,,,,,,,,,
114009,10,2023-11-12,18:00:00 GMT,NORMAL,COMPLETED,,,,,,,,,67,TEN,Tennessee,Titans,71,TB,Tampa Bay,Buccaneers,1151,Raymond James Stadium,6.0,20.0,3.0,0.0,0.0,7.0,0.0,10.0,3.0,3.0,,,,,,,,,,
114010,10,2023-11-12,21:05:00 GMT,NORMAL,COMPLETED,,,,,,,,,68,ATL,Atlanta,Falcons,76,ARI,Arizona,Cardinals,1269,State Farm Stadium,23.0,25.0,0.0,3.0,14.0,9.0,3.0,10.0,6.0,3.0,,,,,,,,,,
114011,10,2023-11-12,21:05:00 GMT,NORMAL,COMPLETED,,,,,,,,,61,DET,Detroit,Lions,75,LAC,Los Angeles,Chargers,1288,SoFi Stadium,41.0,38.0,10.0,3.0,14.0,14.0,7.0,7.0,10.0,14.0,,,,,,,,,,
114012,10,2023-11-12,21:25:00 GMT,NORMAL,COMPLETED,,,,,,,,,53,NYG,New York,Giants,52,DAL,Dallas,Cowboys,1103,AT&T Stadium,17.0,49.0,0.0,7.0,0.0,21.0,7.0,14.0,10.0,7.0,,,,,,,,,,
114013,10,2023-11-12,21:25:00 GMT,NORMAL,COMPLETED,,,,,,,,,55,WAS,Washington,Commanders,79,SEA,Seattle,Seahawks,1352,Lumen Field,26.0,29.0,6.0,3.0,3.0,6.0,3.0,7.0,14.0,13.0,,,,,,,,,,
114014,10,2023-11-12,01:20:00 GMT,NORMAL,COMPLETED,,,,,,,,,51,NYJ,New York,Jets,74,LV,Las Vegas,Raiders,1287,Allegiant Stadium,12.0,16.0,6.0,3.0,3.0,3.0,0.0,3.0,3.0,7.0,,,,,,,,,,
114015,10,2023-11-13,01:15:00 GMT,NORMAL,COMPLETED,,,,,,,,,72,DEN,Denver,Broncos,48,BUF,Buffalo,Bills,1390,Highmark Stadium,24.0,22.0,3.0,0.0,12.0,8.0,0.0,7.0,9.0,7.0,,,,,,,,,,
114016,11,2023-11-16,01:15:00 GMT,NORMAL,COMPLETED,,,,,,,,,57,CIN,Cincinnati,Bengals,56,BAL,Baltimore,Ravens,1091,M&T Bank Stadium,20.0,34.0,3.0,7.0,7.0,14.0,3.0,6.0,7.0,7.0,,,,,,,,,,
114017,11,2023-11-19,18:00:00 GMT,NORMAL,COMPLETED,,,,,,,,,52,DAL,Dallas,Cowboys,69,CAR,Carolina,Panthers,1096,Bank of America Stadium,33.0,10.0,7.0,0.0,10.0,3.0,0.0,7.0,16.0,0.0,,,,,,,,,,
114018,11,2023-11-19,18:00:00 GMT,NORMAL,COMPLETED,,,,,,,,,59,PIT,Pittsburgh,Steelers,58,CLE,Cleveland,Browns,1101,FirstEnergy Stadium,10.0,13.0,0.0,7.0,0.0,3.0,7.0,0.0,3.0,3.0,,,,,,,,,,
114019,11,2023-11-19,18:00:00 GMT,NORMAL,COMPLETED,,,,,,,,,60,CHI,Chicago,Bears,61,DET,Detroit,Lions,1106,Ford Field,26.0,31.0,7.0,0.0,3.0,14.0,10.0,0.0,6.0,17.0,,,,,,,,,,
114020,11,2023-11-19,18:00:00 GMT,NORMAL,COMPLETED,,,,,,,,,75,LAC,Los Angeles,Chargers,62,GB,Green Bay,Packers,1108,Lambeau Field,20.0,23.0,3.0,0.0,7.0,10.0,3.0,6.0,7.0,7.0,,,,,,,,,,
114021,11,2023-11-19,18:00:00 GMT,NORMAL,COMPLETED,,,,,,,,,76,ARI,Arizona,Cardinals,64,HOU,Houston,Texans,1110,NRG Stadium,16.0,21.0,10.0,7.0,0.0,14.0,6.0,0.0,0.0,0.0,,,,,,,,,,
114022,11,2023-11-19,18:00:00 GMT,NORMAL,COMPLETED,,,,,,,,,67,TEN,Tennessee,Titans,66,JAX,Jacksonville,Jaguars,1266,TIAA Bank Field,14.0,34.0,0.0,7.0,0.0,6.0,7.0,14.0,7.0,7.0,,,,,,,,,,
114023,11,2023-11-19,18:00:00 GMT,NORMAL,COMPLETED,,,,,,,,,74,LV,Las Vegas,Raiders,49,MIA,Miami,Dolphins,1126,Hard Rock Stadium,13.0,20.0,10.0,7.0,3.0,7.0,0.0,6.0,0.0,0.0,,,,,,,,,,
114024,11,2023-11-19,18:00:00 GMT,NORMAL,COMPLETED,,,,,,,,,53,NYG,New York,Giants,55,WAS,Washington,Commanders,1157,FedEx Field,31.0,19.0,7.0,3.0,7.0,6.0,0.0,3.0,17.0,7.0,,,,,,,,,,
114025,11,2023-11-19,21:05:00 GMT,NORMAL,COMPLETED,,,,,,,,,71,TB,Tampa Bay,Buccaneers,78,SF,San Francisco,49ers,1144,Levi's Stadium,14.0,27.0,0.0,7.0,7.0,6.0,0.0,14.0,7.0,0.0,,,,,,,,,,
114026,11,2023-11-19,21:25:00 GMT,NORMAL,COMPLETED,,,,,,,,,51,NYJ,New York,Jets,48,BUF,Buffalo,Bills,1390,Highmark Stadium,6.0,32.0,0.0,6.0,6.0,10.0,0.0,13.0,0.0,3.0,,,,,,,,,,
114027,11,2023-11-19,21:25:00 GMT,NORMAL,COMPLETED,,,,,,,,,79,SEA,Seattle,Seahawks,77,LA,Los Angeles,Rams,1288,SoFi Stadium,16.0,17.0,7.0,0.0,6.0,7.0,3.0,0.0,0.0,10.0,,,,,,,,,,
114028,11,2023-11-19,01:20:00 GMT,NORMAL,COMPLETED,,,,,,,,,63,MIN,Minnesota,Vikings,72,DEN,Denver,Broncos,1289,Empower Field at Mile High,20.0,21.0,0.0,3.0,10.0,6.0,7.0,0.0,3.0,12.0,,,,,,,,,,
114029,11,2023-11-20,01:15:00 GMT,NORMAL,COMPLETED,,,,,,,,,54,PHI,Philadelphia,Eagles,73,KC,Kansas City,Chiefs,1365,GEHA Field at Arrowhead Stadium,21.0,17.0,7.0,7.0,0.0,10.0,7.0,0.0,7.0,0.0,,,,,,,,,,
114030,12,2023-11-23,17:30:00 GMT,NORMAL,COMPLETED,,,,,,,,,62,GB,Green Bay,Packers,61,DET,Detroit,Lions,1106,Ford Field,29.0,22.0,20.0,6.0,3.0,0.0,6.0,8.0,0.0,8.0,,,,,,,,,,
114031,12,2023-11-23,21:30:00 GMT,NORMAL,COMPLETED,,,,,,,,,55,WAS,Washington,Commanders,52,DAL,Dallas,Cowboys,1103,AT&T Stadium,10.0,45.0,0.0,7.0,10.0,13.0,0.0,0.0,0.0,25.0,,,,,,,,,,
114032,12,2023-11-23,01:20:00 GMT,NORMAL,COMPLETED,,,,,,,,,78,SF,San Francisco,49ers,79,SEA,Seattle,Seahawks,1352,Lumen Field,31.0,13.0,7.0,3.0,17.0,0.0,0.0,10.0,7.0,0.0,,,,,,,,,,
114033,12,2023-11-24,20:00:00 GMT,NORMAL,COMPLETED,,,,,,,,,49,MIA,Miami,Dolphins,51,NYJ,New York,Jets,1132,MetLife Stadium,34.0,13.0,3.0,0.0,14.0,6.0,3.0,0.0,14.0,7.0,,,,,,,,,,
114034,12,2023-11-26,18:00:00 GMT,NORMAL,COMPLETED,,,,,,,,,70,NO,New Orleans,Saints,68,ATL,Atlanta,Falcons,1130,Mercedes-Benz Stadium,15.0,24.0,3.0,7.0,6.0,7.0,3.0,0.0,3.0,10.0,,,,,,,,,,
114035,12,2023-11-26,18:00:00 GMT,NORMAL,COMPLETED,,,,,,,,,59,PIT,Pittsburgh,Steelers,57,CIN,Cincinnati,Bengals,1887,Paycor Stadium,16.0,10.0,0.0,0.0,3.0,7.0,7.0,0.0,6.0,3.0,,,,,,,,,,
114036,12,2023-11-26,18:00:00 GMT,NORMAL,COMPLETED,,,,,,,,,66,JAX,Jacksonville,Jaguars,64,HOU,Houston,Texans,1110,NRG Stadium,24.0,21.0,3.0,0.0,10.0,7.0,8.0,7.0,3.0,7.0,,,,,,,,,,
114037,12,2023-11-26,18:00:00 GMT,NORMAL,COMPLETED,,,,,,,,,71,TB,Tampa Bay,Buccaneers,65,IND,Indianapolis,Colts,1111,Lucas Oil Stadium,20.0,27.0,3.0,10.0,7.0,7.0,0.0,3.0,10.0,7.0,,,,,,,,,,
114038,12,2023-11-26,18:00:00 GMT,NORMAL,COMPLETED,,,,,,,,,50,NE,New England,Patriots,53,NYG,New York,Giants,1132,MetLife Stadium,7.0,10.0,0.0,0.0,0.0,7.0,7.0,0.0,0.0,3.0,,,,,,,,,,
114039,12,2023-11-26,18:00:00 GMT,NORMAL,COMPLETED,,,,,,,,,69,CAR,Carolina,Panthers,67,TEN,Tennessee,Titans,1155,Nissan Stadium,10.0,17.0,0.0,7.0,3.0,10.0,7.0,0.0,0.0,0.0,,,,,,,,,,
114040,12,2023-11-26,21:05:00 GMT,NORMAL,COMPLETED,,,,,,,,,77,LA,Los Angeles,Rams,76,ARI,Arizona,Cardinals,1269,State Farm Stadium,37.0,14.0,7.0,8.0,14.0,0.0,3.0,0.0,13.0,6.0,,,,,,,,,,
114041,12,2023-11-26,21:05:00 GMT,NORMAL,COMPLETED,,,,,,,,,58,CLE,Cleveland,Browns,72,DEN,Denver,Broncos,1289,Empower Field at Mile High,12.0,29.0,0.0,7.0,6.0,7.0,6.0,3.0,0.0,12.0,,,,,,,,,,
114042,12,2023-11-26,21:25:00 GMT,NORMAL,COMPLETED,,,,,,,,,73,KC,Kansas City,Chiefs,74,LV,Las Vegas,Raiders,1287,Allegiant Stadium,31.0,17.0,0.0,7.0,14.0,7.0,7.0,3.0,10.0,0.0,,,,,,,,,,
114043,12,2023-11-26,21:25:00 GMT,NORMAL,COMPLETED,,,,,,,,,48,BUF,Buffalo,Bills,54,PHI,Philadelphia,Eagles,1138,Lincoln Financial Field,34.0,37.0,0.0,7.0,17.0,0.0,7.0,7.0,7.0,17.0,3.0,6.0,,,,,,,,
114044,12,2023-11-26,01:20:00 GMT,NORMAL,COMPLETED,,,,,,,,,56,BAL,Baltimore,Ravens,75,LAC,Los Angeles,Chargers,1288,SoFi Stadium,20.0,10.0,0.0,3.0,10.0,0.0,3.0,0.0,7.0,7.0,,,,,,,,,,
114045,12,2023-11-27,01:15:00 GMT,NORMAL,COMPLETED,,,,,,,,,60,CHI,Chicago,Bears,63,MIN,Minnesota,Vikings,1246,US Bank Stadium,12.0,10.0,0.0,0.0,3.0,3.0,3.0,0.0,6.0,7.0,,,,,,,,,,
114046,13,2023-11-30,01:15:00 GMT,NORMAL,UNPLAYED,,,,,,,,,79,SEA,Seattle,Seahawks,52,DAL,Dallas,Cowboys,1103,AT&T Stadium,,,,,,,,,,,,,,,,,,,,
114047,13,2023-12-03,18:00:00 GMT,NORMAL,UNPLAYED,,,,,,,,,75,LAC,Los Angeles,Chargers,50,NE,New England,Patriots,1129,Gillette Stadium,,,,,,,,,,,,,,,,,,,,
114048,13,2023-12-03,18:00:00 GMT,NORMAL,UNPLAYED,,,,,,,,,61,DET,Detroit,Lions,70,NO,New Orleans,Saints,1398,Caesars Superdome,,,,,,,,,,,,,,,,,,,,
114049,13,2023-12-03,18:00:00 GMT,NORMAL,UNPLAYED,,,,,,,,,68,ATL,Atlanta,Falcons,51,NYJ,New York,Jets,1132,MetLife Stadium,,,,,,,,,,,,,,,,,,,,
114050,13,2023-12-03,18:00:00 GMT,NORMAL,UNPLAYED,,,,,,,,,76,ARI,Arizona,Cardinals,59,PIT,Pittsburgh,Steelers,1888,Acrisure Stadium,,,,,,,,,,,,,,,,,,,,
114052,13,2023-12-03,18:00:00 GMT,NORMAL,UNPLAYED,,,,,,,,,65,IND,Indianapolis,Colts,67,TEN,Tennessee,Titans,1155,Nissan Stadium,,,,,,,,,,,,,,,,,,,,
114053,13,2023-12-03,18:00:00 GMT,NORMAL,UNPLAYED,,,,,,,,,49,MIA,Miami,Dolphins,55,WAS,Washington,Commanders,1157,FedEx Field,,,,,,,,,,,,,,,,,,,,
114054,13,2023-12-03,18:00:00 GMT,NORMAL,UNPLAYED,,,,,,,,,72,DEN,Denver,Broncos,64,HOU,Houston,Texans,1110,NRG Stadium,,,,,,,,,,,,,,,,,,,,
114051,13,2023-12-03,21:05:00 GMT,NORMAL,UNPLAYED,,,,,,,,,69,CAR,Carolina,Panthers,71,TB,Tampa Bay,Buccaneers,1151,Raymond James Stadium,,,,,,,,,,,,,,,,,,,,
114055,13,2023-12-03,21:25:00 GMT,NORMAL,UNPLAYED,,,,,,,,,58,CLE,Cleveland,Browns,77,LA,Los Angeles,Rams,1288,SoFi Stadium,,,,,,,,,,,,,,,,,,,,
114056,13,2023-12-03,21:25:00 GMT,NORMAL,UNPLAYED,,,,,,,,,78,SF,San Francisco,49ers,54,PHI,Philadelphia,Eagles,1138,Lincoln Financial Field,,,,,,,,,,,,,,,,,,,,
114057,13,2023-12-03,01:20:00 GMT,NORMAL,UNPLAYED,,,,,,,,,73,KC,Kansas City,Chiefs,62,GB,Green Bay,Packers,1108,Lambeau Field,,,,,,,,,,,,,,,,,,,,
114058,13,2023-12-04,01:15:00 GMT,NORMAL,UNPLAYED,,,,,,,,,57,CIN,Cincinnati,Bengals,66,JAX,Jacksonville,Jaguars,1266,TIAA Bank Field,,,,,,,,,,,,,,,,,,,,
114059,14,2023-12-07,01:15:00 GMT,NORMAL,UNPLAYED,,,,,,,,,50,NE,New England,Patriots,59,PIT,Pittsburgh,Steelers,1888,Acrisure Stadium,,,,,,,,,,,,,,,,,,,,
114060,14,2023-12-10,18:00:00 GMT,NORMAL,UNPLAYED,,,,,,,,,71,TB,Tampa Bay,Buccaneers,68,ATL,Atlanta,Falcons,1130,Mercedes-Benz Stadium,,,,,,,,,,,,,,,,,,,,
114061,14,2023-12-10,18:00:00 GMT,NORMAL,UNPLAYED,,,,,,,,,77,LA,Los Angeles,Rams,56,BAL,Baltimore,Ravens,1091,M&T Bank Stadium,,,,,,,,,,,,,,,,,,,,
114062,14,2023-12-10,18:00:00 GMT,NORMAL,UNPLAYED,,,,,,,,,61,DET,Detroit,Lions,60,CHI,Chicago,Bears,1098,Soldier Field,,,,,,,,,,,,,,,,,,,,
114063,14,2023-12-10,18:00:00 GMT,NORMAL,UNPLAYED,,,,,,,,,65,IND,Indianapolis,Colts,57,CIN,Cincinnati,Bengals,1887,Paycor Stadium,,,,,,,,,,,,,,,,,,,,
114064,14,2023-12-10,18:00:00 GMT,NORMAL,UNPLAYED,,,,,,,,,66,JAX,Jacksonville,Jaguars,58,CLE,Cleveland,Browns,1101,FirstEnergy Stadium,,,,,,,,,,,,,,,,,,,,
114065,14,2023-12-10,18:00:00 GMT,NORMAL,UNPLAYED,,,,,,,,,69,CAR,Carolina,Panthers,70,NO,New Orleans,Saints,1398,Caesars Superdome,,,,,,,,,,,,,,,,,,,,
114066,14,2023-12-10,18:00:00 GMT,NORMAL,UNPLAYED,,,,,,,,,64,HOU,Houston,Texans,51,NYJ,New York,Jets,1132,MetLife Stadium,,,,,,,,,,,,,,,,,,,,
114067,14,2023-12-10,21:05:00 GMT,NORMAL,UNPLAYED,,,,,,,,,63,MIN,Minnesota,Vikings,74,LV,Las Vegas,Raiders,1287,Allegiant Stadium,,,,,,,,,,,,,,,,,,,,
114068,14,2023-12-10,21:05:00 GMT,NORMAL,UNPLAYED,,,,,,,,,79,SEA,Seattle,Seahawks,78,SF,San Francisco,49ers,1144,Levi's Stadium,,,,,,,,,,,,,,,,,,,,
114069,14,2023-12-10,21:25:00 GMT,NORMAL,UNPLAYED,,,,,,,,,48,BUF,Buffalo,Bills,73,KC,Kansas City,Chiefs,1365,GEHA Field at Arrowhead Stadium,,,,,,,,,,,,,,,,,,,,
114070,14,2023-12-10,21:25:00 GMT,NORMAL,UNPLAYED,,,,,,,,,72,DEN,Denver,Broncos,75,LAC,Los Angeles,Chargers,1288,SoFi Stadium,,,,,,,,,,,,,,,,,,,,
114071,14,2023-12-10,01:20:00 GMT,NORMAL,UNPLAYED,,,,,,,,,54,PHI,Philadelphia,Eagles,52,DAL,Dallas,Cowboys,1103,AT&T Stadium,,,,,,,,,,,,,,,,,,,,
114072,14,2023-12-11,01:15:00 GMT,NORMAL,UNPLAYED,,,,,,,,,67,TEN,Tennessee,Titans,49,MIA,Miami,Dolphins,1126,Hard Rock Stadium,,,,,,,,,,,,,,,,,,,,
114073,14,2023-12-11,01:15:00 GMT,NORMAL,UNPLAYED,,,,,,,,,62,GB,Green Bay,Packers,53,NYG,New York,Giants,1132,MetLife Stadium,,,,,,,,,,,,,,,,,,,,
114074,15,2023-12-14,01:15:00 GMT,NORMAL,UNPLAYED,,,,,,,,,75,LAC,Los Angeles,Chargers,74,LV,Las Vegas,Raiders,1287,Allegiant Stadium,,,,,,,,,,,,,,,,,,,,
114075,15,2023-12-17,18:00:00 GMT,NORMAL,UNPLAYED,,,,,,,,,71,TB,Tampa Bay,Buccaneers,62,GB,Green Bay,Packers,1108,Lambeau Field,,,,,,,,,,,,,,,,,,,,
114076,15,2023-12-17,18:00:00 GMT,NORMAL,UNPLAYED,,,,,,,,,51,NYJ,New York,Jets,49,MIA,Miami,Dolphins,1126,Hard Rock Stadium,,,,,,,,,,,,,,,,,,,,
114077,15,2023-12-17,18:00:00 GMT,NORMAL,UNPLAYED,,,,,,,,,53,NYG,New York,Giants,70,NO,New Orleans,Saints,1398,Caesars Superdome,,,,,,,,,,,,,,,,,,,,
114078,15,2023-12-17,18:00:00 GMT,NORMAL,UNPLAYED,,,,,,,,,64,HOU,Houston,Texans,67,TEN,Tennessee,Titans,1155,Nissan Stadium,,,,,,,,,,,,,,,,,,,,
114079,15,2023-12-17,21:05:00 GMT,NORMAL,UNPLAYED,,,,,,,,,78,SF,San Francisco,49ers,76,ARI,Arizona,Cardinals,1269,State Farm Stadium,,,,,,,,,,,,,,,,,,,,
114080,15,2023-12-17,21:05:00 GMT,NORMAL,UNPLAYED,,,,,,,,,55,WAS,Washington,Commanders,77,LA,Los Angeles,Rams,1288,SoFi Stadium,,,,,,,,,,,,,,,,,,,,
114081,15,2023-12-17,21:25:00 GMT,NORMAL,UNPLAYED,,,,,,,,,52,DAL,Dallas,Cowboys,48,BUF,Buffalo,Bills,1390,Highmark Stadium,,,,,,,,,,,,,,,,,,,,
114082,15,2023-12-17,21:25:00 GMT,NORMAL,UNPLAYED,,,,,,,,,54,PHI,Philadelphia,Eagles,79,SEA,Seattle,Seahawks,1352,Lumen Field,,,,,,,,,,,,,,,,,,,,
114118,15,2023-12-17,22:05:00 GMT,NORMAL,UNPLAYED,,,,,,,,,68,ATL,Atlanta,Falcons,69,CAR,Carolina,Panthers,1096,Bank of America Stadium,,,,,,,,,,,,,,,,,,,,
114119,15,2023-12-17,22:10:00 GMT,NORMAL,UNPLAYED,,,,,,,,,63,MIN,Minnesota,Vikings,57,CIN,Cincinnati,Bengals,1887,Paycor Stadium,,,,,,,,,,,,,,,,,,,,
114120,15,2023-12-17,22:15:00 GMT,NORMAL,UNPLAYED,,,,,,,,,60,CHI,Chicago,Bears,58,CLE,Cleveland,Browns,1101,FirstEnergy Stadium,,,,,,,,,,,,,,,,,,,,
114121,15,2023-12-17,22:20:00 GMT,NORMAL,UNPLAYED,,,,,,,,,72,DEN,Denver,Broncos,61,DET,Detroit,Lions,1106,Ford Field,,,,,,,,,,,,,,,,,,,,
114122,15,2023-12-17,22:30:00 GMT,NORMAL,UNPLAYED,,,,,,,,,59,PIT,Pittsburgh,Steelers,65,IND,Indianapolis,Colts,1111,Lucas Oil Stadium,,,,,,,,,,,,,,,,,,,,
114083,15,2023-12-17,01:20:00 GMT,NORMAL,UNPLAYED,,,,,,,,,56,BAL,Baltimore,Ravens,66,JAX,Jacksonville,Jaguars,1266,TIAA Bank Field,,,,,,,,,,,,,,,,,,,,
114084,15,2023-12-18,01:15:00 GMT,NORMAL,UNPLAYED,,,,,,,,,73,KC,Kansas City,Chiefs,50,NE,New England,Patriots,1129,Gillette Stadium,,,,,,,,,,,,,,,,,,,,
114085,16,2023-12-21,01:15:00 GMT,NORMAL,UNPLAYED,,,,,,,,,70,NO,New Orleans,Saints,77,LA,Los Angeles,Rams,1288,SoFi Stadium,,,,,,,,,,,,,,,,,,,,
114086,16,2023-12-23,21:30:00 GMT,NORMAL,UNPLAYED,,,,,,,,,57,CIN,Cincinnati,Bengals,59,PIT,Pittsburgh,Steelers,1888,Acrisure Stadium,,,,,,,,,,,,,,,,,,,,
114087,16,2023-12-23,01:00:00 GMT,NORMAL,UNPLAYED,,,,,,,,,48,BUF,Buffalo,Bills,75,LAC,Los Angeles,Chargers,1288,SoFi Stadium,,,,,,,,,,,,,,,,,,,,
114088,16,2023-12-24,18:00:00 GMT,NORMAL,UNPLAYED,,,,,,,,,65,IND,Indianapolis,Colts,68,ATL,Atlanta,Falcons,1130,Mercedes-Benz Stadium,,,,,,,,,,,,,,,,,,,,
114089,16,2023-12-24,18:00:00 GMT,NORMAL,UNPLAYED,,,,,,,,,62,GB,Green Bay,Packers,69,CAR,Carolina,Panthers,1096,Bank of America Stadium,,,,,,,,,,,,,,,,,,,,
114090,16,2023-12-24,18:00:00 GMT,NORMAL,UNPLAYED,,,,,,,,,58,CLE,Cleveland,Browns,64,HOU,Houston,Texans,1110,NRG Stadium,,,,,,,,,,,,,,,,,,,,
114091,16,2023-12-24,18:00:00 GMT,NORMAL,UNPLAYED,,,,,,,,,61,DET,Detroit,Lions,63,MIN,Minnesota,Vikings,1246,US Bank Stadium,,,,,,,,,,,,,,,,,,,,
114092,16,2023-12-24,18:00:00 GMT,NORMAL,UNPLAYED,,,,,,,,,55,WAS,Washington,Commanders,51,NYJ,New York,Jets,1132,MetLife Stadium,,,,,,,,,,,,,,,,,,,,
114093,16,2023-12-24,18:00:00 GMT,NORMAL,UNPLAYED,,,,,,,,,79,SEA,Seattle,Seahawks,67,TEN,Tennessee,Titans,1155,Nissan Stadium,,,,,,,,,,,,,,,,,,,,
114094,16,2023-12-24,21:05:00 GMT,NORMAL,UNPLAYED,,,,,,,,,66,JAX,Jacksonville,Jaguars,71,TB,Tampa Bay,Buccaneers,1151,Raymond James Stadium,,,,,,,,,,,,,,,,,,,,
114095,16,2023-12-24,21:25:00 GMT,NORMAL,UNPLAYED,,,,,,,,,76,ARI,Arizona,Cardinals,60,CHI,Chicago,Bears,1098,Soldier Field,,,,,,,,,,,,,,,,,,,,
114096,16,2023-12-24,21:25:00 GMT,NORMAL,UNPLAYED,,,,,,,,,52,DAL,Dallas,Cowboys,49,MIA,Miami,Dolphins,1126,Hard Rock Stadium,,,,,,,,,,,,,,,,,,,,
114097,16,2023-12-24,01:15:00 GMT,NORMAL,UNPLAYED,,,,,,,,,50,NE,New England,Patriots,72,DEN,Denver,Broncos,1289,Empower Field at Mile High,,,,,,,,,,,,,,,,,,,,
114098,16,2023-12-25,18:00:00 GMT,NORMAL,UNPLAYED,,,,,,,,,74,LV,Las Vegas,Raiders,73,KC,Kansas City,Chiefs,1365,GEHA Field at Arrowhead Stadium,,,,,,,,,,,,,,,,,,,,
114099,16,2023-12-25,21:30:00 GMT,NORMAL,UNPLAYED,,,,,,,,,53,NYG,New York,Giants,54,PHI,Philadelphia,Eagles,1138,Lincoln Financial Field,,,,,,,,,,,,,,,,,,,,
114100,16,2023-12-25,01:15:00 GMT,NORMAL,UNPLAYED,,,,,,,,,56,BAL,Baltimore,Ravens,78,SF,San Francisco,49ers,1144,Levi's Stadium,,,,,,,,,,,,,,,,,,,,
114101,17,2023-12-28,01:15:00 GMT,NORMAL,UNPLAYED,,,,,,,,,51,NYJ,New York,Jets,58,CLE,Cleveland,Browns,1101,FirstEnergy Stadium,,,,,,,,,,,,,,,,,,,,
114102,17,2023-12-30,01:15:00 GMT,NORMAL,UNPLAYED,,,,,,,,,61,DET,Detroit,Lions,52,DAL,Dallas,Cowboys,1103,AT&T Stadium,,,,,,,,,,,,,,,,,,,,
114103,17,2023-12-31,18:00:00 GMT,NORMAL,UNPLAYED,,,,,,,,,49,MIA,Miami,Dolphins,56,BAL,Baltimore,Ravens,1091,M&T Bank Stadium,,,,,,,,,,,,,,,,,,,,
114104,17,2023-12-31,18:00:00 GMT,NORMAL,UNPLAYED,,,,,,,,,50,NE,New England,Patriots,48,BUF,Buffalo,Bills,1390,Highmark Stadium,,,,,,,,,,,,,,,,,,,,
114106,17,2023-12-31,18:00:00 GMT,NORMAL,UNPLAYED,,,,,,,,,68,ATL,Atlanta,Falcons,60,CHI,Chicago,Bears,1098,Soldier Field,,,,,,,,,,,,,,,,,,,,
114107,17,2023-12-31,18:00:00 GMT,NORMAL,UNPLAYED,,,,,,,,,67,TEN,Tennessee,Titans,64,HOU,Houston,Texans,1110,NRG Stadium,,,,,,,,,,,,,,,,,,,,
114108,17,2023-12-31,18:00:00 GMT,NORMAL,UNPLAYED,,,,,,,,,74,LV,Las Vegas,Raiders,65,IND,Indianapolis,Colts,1111,Lucas Oil Stadium,,,,,,,,,,,,,,,,,,,,
114109,17,2023-12-31,18:00:00 GMT,NORMAL,UNPLAYED,,,,,,,,,69,CAR,Carolina,Panthers,66,JAX,Jacksonville,Jaguars,1266,TIAA Bank Field,,,,,,,,,,,,,,,,,,,,
114110,17,2023-12-31,18:00:00 GMT,NORMAL,UNPLAYED,,,,,,,,,77,LA,Los Angeles,Rams,53,NYG,New York,Giants,1132,MetLife Stadium,,,,,,,,,,,,,,,,,,,,
114111,17,2023-12-31,18:00:00 GMT,NORMAL,UNPLAYED,,,,,,,,,76,ARI,Arizona,Cardinals,54,PHI,Philadelphia,Eagles,1138,Lincoln Financial Field,,,,,,,,,,,,,,,,,,,,
114112,17,2023-12-31,18:00:00 GMT,NORMAL,UNPLAYED,,,,,,,,,70,NO,New Orleans,Saints,71,TB,Tampa Bay,Buccaneers,1151,Raymond James Stadium,,,,,,,,,,,,,,,,,,,,
114113,17,2023-12-31,18:00:00 GMT,NORMAL,UNPLAYED,,,,,,,,,78,SF,San Francisco,49ers,55,WAS,Washington,Commanders,1157,FedEx Field,,,,,,,,,,,,,,,,,,,,
114114,17,2023-12-31,21:05:00 GMT,NORMAL,UNPLAYED,,,,,,,,,59,PIT,Pittsburgh,Steelers,79,SEA,Seattle,Seahawks,1352,Lumen Field,,,,,,,,,,,,,,,,,,,,
114115,17,2023-12-31,21:25:00 GMT,NORMAL,UNPLAYED,,,,,,,,,75,LAC,Los Angeles,Chargers,72,DEN,Denver,Broncos,1289,Empower Field at Mile High,,,,,,,,,,,,,,,,,,,,
114116,17,2023-12-31,21:25:00 GMT,NORMAL,UNPLAYED,,,,,,,,,57,CIN,Cincinnati,Bengals,73,KC,Kansas City,Chiefs,1365,GEHA Field at Arrowhead Stadium,,,,,,,,,,,,,,,,,,,,
114117,17,2023-12-31,01:20:00 GMT,NORMAL,UNPLAYED,,,,,,,,,62,GB,Green Bay,Packers,63,MIN,Minnesota,Vikings,1246,US Bank Stadium,,,,,,,,,,,,,,,,,,,,
114123,18,2024-01-04,19:00:00 GMT,NORMAL,UNPLAYED,,,,,,,,,79,SEA,Seattle,Seahawks,76,ARI,Arizona,Cardinals,1269,State Farm Stadium,,,,,,,,,,,,,,,,,,,,
114126,18,2024-01-07,19:00:00 GMT,NORMAL,UNPLAYED,,,,,,,,,59,PIT,Pittsburgh,Steelers,56,BAL,Baltimore,Ravens,1091,M&T Bank Stadium,,,,,,,,,,,,,,,,,,,,
114127,18,2024-01-07,19:00:00 GMT,NORMAL,UNPLAYED,,,,,,,,,71,TB,Tampa Bay,Buccaneers,69,CAR,Carolina,Panthers,1096,Bank of America Stadium,,,,,,,,,,,,,,,,,,,,
114128,18,2024-01-07,19:00:00 GMT,NORMAL,UNPLAYED,,,,,,,,,58,CLE,Cleveland,Browns,57,CIN,Cincinnati,Bengals,1887,Paycor Stadium,,,,,,,,,,,,,,,,,,,,
114129,18,2024-01-07,19:00:00 GMT,NORMAL,UNPLAYED,,,,,,,,,63,MIN,Minnesota,Vikings,61,DET,Detroit,Lions,1106,Ford Field,,,,,,,,,,,,,,,,,,,,
114130,18,2024-01-07,19:00:00 GMT,NORMAL,UNPLAYED,,,,,,,,,60,CHI,Chicago,Bears,62,GB,Green Bay,Packers,1108,Lambeau Field,,,,,,,,,,,,,,,,,,,,
114131,18,2024-01-07,19:00:00 GMT,NORMAL,UNPLAYED,,,,,,,,,64,HOU,Houston,Texans,65,IND,Indianapolis,Colts,1111,Lucas Oil Stadium,,,,,,,,,,,,,,,,,,,,
114132,18,2024-01-07,19:00:00 GMT,NORMAL,UNPLAYED,,,,,,,,,73,KC,Kansas City,Chiefs,75,LAC,Los Angeles,Chargers,1288,SoFi Stadium,,,,,,,,,,,,,,,,,,,,
114133,18,2024-01-07,19:00:00 GMT,NORMAL,UNPLAYED,,,,,,,,,72,DEN,Denver,Broncos,74,LV,Las Vegas,Raiders,1287,Allegiant Stadium,,,,,,,,,,,,,,,,,,,,
114134,18,2024-01-07,22:05:00 GMT,NORMAL,UNPLAYED,,,,,,,,,48,BUF,Buffalo,Bills,49,MIA,Miami,Dolphins,1126,Hard Rock Stadium,,,,,,,,,,,,,,,,,,,,
114135,18,2024-01-07,22:25:00 GMT,NORMAL,UNPLAYED,,,,,,,,,51,NYJ,New York,Jets,50,NE,New England,Patriots,1129,Gillette Stadium,,,,,,,,,,,,,,,,,,,,
114136,18,2024-01-07,22:30:00 GMT,NORMAL,UNPLAYED,,,,,,,,,68,ATL,Atlanta,Falcons,70,NO,New Orleans,Saints,1398,Caesars Superdome,,,,,,,,,,,,,,,,,,,,
114137,18,2024-01-07,02:30:00 GMT,NORMAL,UNPLAYED,,,,,,,,,54,PHI,Philadelphia,Eagles,53,NYG,New York,Giants,1132,MetLife Stadium,,,,,,,,,,,,,,,,,,,,
114138,18,2024-01-08,22:05:00 GMT,NORMAL,UNPLAYED,,,,,,,,,77,LA,Los Angeles,Rams,78,SF,San Francisco,49ers,1144,Levi's Stadium,,,,,,,,,,,,,,,,,,,,
114139,18,2024-01-08,22:15:00 GMT,NORMAL,UNPLAYED,,,,,,,,,66,JAX,Jacksonville,Jaguars,67,TEN,Tennessee,Titans,1155,Nissan Stadium,,,,,,,,,,,,,,,,,,,,
114124,18,2024-01-08,02:30:00 GMT,NORMAL,UNPLAYED,,,,,,,,,52,DAL,Dallas,Cowboys,55,WAS,Washington,Commanders,1157,FedEx Field,,,,,,,,,,,,,,,,,,,,
