#Date/Time of Update: 2023-11-23 18:51:45 GMT,#Game ID,#Game Week,#Game Date,#Game Time,#Schedule Status,#Played Status,#Current Quarter,#Current Quarter Seconds Remaining,#Current Intermission,#Team In Possession,#Current Down,#Yards Remaining for First Down,#Line of Scrimmage Team,#Line of Scrimmage Yard Line,#Away Team ID,#Away Team Abbr.,#Away Team City,#Away Team Name,#Home Team ID,#Home Team Abbr.,#Home Team City,#Home Team Name,#Venue ID,#Venue Name,#Away Score Total,#Home Score Total,#Quarter 1 Away Score,#Quarter 1 Home Score,#Quarter 2 Away Score,#Quarter 2 Home Score,#Quarter 3 Away Score,#Quarter 3 Home Score,#Quarter 4 Away Score,#Quarter 4 Home Score,#Quarter 5 Away Score,#Quarter 5 Home Score,,
,64893,1,2021-09-09,00:20:00 GMT,NORMAL,COMPLETED,,,,,,,,,52,DAL,Dallas,Cowboys,71,TB,Tampa Bay,Buccaneers,1151,Raymond James Stadium,29,31,7,7,9,14,10,7,3,3,,,,
,64897,1,2021-09-12,17:00:00 GMT,NORMAL,COMPLETED,,,,,,,,,66,JAX,Jacksonville,Jaguars,64,HOU,Houston,Texans,1110,NRG Stadium,21,37,0,14,7,13,7,7,7,3,,,,
,64898,1,2021-09-12,17:00:00 GMT,NORMAL,COMPLETED,,,,,,,,,75,LAC,Los Angeles,Chargers,55,WAS,Washington,Football Team,1157,FedEx Field,20,16,7,3,6,6,0,7,7,0,,,,
,64900,1,2021-09-12,17:00:00 GMT,NORMAL,COMPLETED,,,,,,,,,79,SEA,Seattle,Seahawks,65,IND,Indianapolis,Colts,1111,Lucas Oil Stadium,28,16,7,3,14,7,0,0,7,6,,,,
,64901,1,2021-09-12,17:00:00 GMT,NORMAL,COMPLETED,,,,,,,,,51,NYJ,New York,Jets,69,CAR,Carolina,Panthers,1096,Bank of America Stadium,14,19,0,0,0,16,8,0,6,3,,,,
,64902,1,2021-09-12,17:00:00 GMT,NORMAL,COMPLETED,,,,,,,,,63,MIN,Minnesota,Vikings,57,CIN,Cincinnati,Bengals,1099,Paul Brown Stadium,24,27,0,0,7,14,7,7,10,3,0,3,,
,64903,1,2021-09-12,17:00:00 GMT,NORMAL,COMPLETED,,,,,,,,,76,ARI,Arizona,Cardinals,67,TEN,Tennessee,Titans,1155,Nissan Stadium,38,13,10,0,14,6,14,7,0,0,,,,
,64906,1,2021-09-12,17:00:00 GMT,NORMAL,COMPLETED,,,,,,,,,78,SF,San Francisco,49ers,61,DET,Detroit,Lions,1106,Ford Field,41,33,7,0,24,10,7,7,3,16,,,,
,64907,1,2021-09-12,17:00:00 GMT,NORMAL,COMPLETED,,,,,,,,,54,PHI,Philadelphia,Eagles,68,ATL,Atlanta,Falcons,1130,Mercedes-Benz Stadium,32,6,7,3,8,3,7,0,10,0,,,,
,64908,1,2021-09-12,17:00:00 GMT,NORMAL,COMPLETED,,,,,,,,,59,PIT,Pittsburgh,Steelers,48,BUF,Buffalo,Bills,1390,Highmark Stadium,23,16,0,3,0,7,6,0,17,6,,,,
,64899,1,2021-09-12,20:25:00 GMT,NORMAL,COMPLETED,,,,,,,,,62,GB,Green Bay,Packers,70,NO,New Orleans,Saints,1266,TIAA Bank Field,3,38,0,3,3,14,0,7,0,14,,,,
,64904,1,2021-09-12,20:25:00 GMT,NORMAL,COMPLETED,,,,,,,,,72,DEN,Denver,Broncos,53,NYG,New York,Giants,1132,MetLife Stadium,27,13,0,0,10,7,7,0,10,6,,,,
,64905,1,2021-09-12,20:25:00 GMT,NORMAL,COMPLETED,,,,,,,,,49,MIA,Miami,Dolphins,50,NE,New England,Patriots,1129,Gillette Stadium,17,16,7,0,3,10,7,3,0,3,,,,
,64909,1,2021-09-12,20:25:00 GMT,NORMAL,COMPLETED,,,,,,,,,58,CLE,Cleveland,Browns,73,KC,Kansas City,Chiefs,1365,GEHA Field at Arrowhead Stadium,29,33,8,3,14,7,0,10,7,13,,,,
,64896,1,2021-09-12,00:20:00 GMT,NORMAL,COMPLETED,,,,,,,,,60,CHI,Chicago,Bears,77,LA,Los Angeles,Rams,1288,SoFi Stadium,14,34,0,10,7,3,7,14,0,7,,,,
,64910,1,2021-09-13,00:15:00 GMT,NORMAL,COMPLETED,,,,,,,,,56,BAL,Baltimore,Ravens,74,LV,Las Vegas,Raiders,1287,Allegiant Stadium,27,33,7,0,7,10,3,0,10,17,0,6,,
,64911,2,2021-09-16,00:20:00 GMT,NORMAL,COMPLETED,,,,,,,,,53,NYG,New York,Giants,55,WAS,Washington,Football Team,1157,FedEx Field,29,30,7,0,3,14,10,3,9,13,,,,
,64916,2,2021-09-19,17:00:00 GMT,NORMAL,COMPLETED,,,,,,,,,50,NE,New England,Patriots,51,NYJ,New York,Jets,1132,MetLife Stadium,25,6,10,0,3,3,9,0,3,3,,,,
,64917,2,2021-09-19,17:00:00 GMT,NORMAL,COMPLETED,,,,,,,,,72,DEN,Denver,Broncos,66,JAX,Jacksonville,Jaguars,1266,TIAA Bank Field,23,13,3,7,7,0,10,0,3,6,,,,
,64918,2,2021-09-19,17:00:00 GMT,NORMAL,COMPLETED,,,,,,,,,48,BUF,Buffalo,Bills,49,MIA,Miami,Dolphins,1126,Hard Rock Stadium,35,0,14,0,0,0,7,0,14,0,,,,
,64919,2,2021-09-19,17:00:00 GMT,NORMAL,COMPLETED,,,,,,,,,78,SF,San Francisco,49ers,54,PHI,Philadelphia,Eagles,1138,Lincoln Financial Field,17,11,0,3,7,0,0,0,10,8,,,,
,64921,2,2021-09-19,17:00:00 GMT,NORMAL,COMPLETED,,,,,,,,,77,LA,Los Angeles,Rams,65,IND,Indianapolis,Colts,1111,Lucas Oil Stadium,27,24,7,0,3,6,7,8,10,10,,,,
,64922,2,2021-09-19,17:00:00 GMT,NORMAL,COMPLETED,,,,,,,,,74,LV,Las Vegas,Raiders,59,PIT,Pittsburgh,Steelers,1139,Heinz Field,26,17,3,0,6,7,7,0,10,10,,,,
,64923,2,2021-09-19,17:00:00 GMT,NORMAL,COMPLETED,,,,,,,,,57,CIN,Cincinnati,Bengals,60,CHI,Chicago,Bears,1098,Soldier Field,17,20,0,7,0,0,3,0,14,13,,,,
,64924,2,2021-09-19,17:00:00 GMT,NORMAL,COMPLETED,,,,,,,,,64,HOU,Houston,Texans,58,CLE,Cleveland,Browns,1101,FirstEnergy Stadium,21,31,7,7,7,7,0,10,7,7,,,,
,64925,2,2021-09-19,17:00:00 GMT,NORMAL,COMPLETED,,,,,,,,,70,NO,New Orleans,Saints,69,CAR,Carolina,Panthers,1096,Bank of America Stadium,7,26,0,7,0,10,0,0,7,9,,,,
,64914,2,2021-09-19,20:05:00 GMT,NORMAL,COMPLETED,,,,,,,,,63,MIN,Minnesota,Vikings,76,ARI,Arizona,Cardinals,1269,State Farm Stadium,33,34,14,7,9,17,7,7,3,3,,,,
,64920,2,2021-09-19,20:05:00 GMT,NORMAL,COMPLETED,,,,,,,,,68,ATL,Atlanta,Falcons,71,TB,Tampa Bay,Buccaneers,1151,Raymond James Stadium,25,48,0,7,10,14,15,7,0,20,,,,
,64913,2,2021-09-19,20:25:00 GMT,NORMAL,COMPLETED,,,,,,,,,67,TEN,Tennessee,Titans,79,SEA,Seattle,Seahawks,1352,Lumen Field,33,30,3,3,6,21,7,0,14,6,3,0,,
,64915,2,2021-09-19,20:25:00 GMT,NORMAL,COMPLETED,,,,,,,,,52,DAL,Dallas,Cowboys,75,LAC,Los Angeles,Chargers,1288,SoFi Stadium,20,17,14,3,0,8,0,3,6,3,,,,
,64912,2,2021-09-19,00:20:00 GMT,NORMAL,COMPLETED,,,,,,,,,73,KC,Kansas City,Chiefs,56,BAL,Baltimore,Ravens,1091,M&T Bank Stadium,35,36,14,7,7,10,14,7,0,12,,,,
,64926,2,2021-09-20,00:15:00 GMT,NORMAL,COMPLETED,,,,,,,,,61,DET,Detroit,Lions,62,GB,Green Bay,Packers,1108,Lambeau Field,17,35,7,7,10,7,0,14,0,7,,,,
,64927,3,2021-09-23,00:20:00 GMT,NORMAL,COMPLETED,,,,,,,,,69,CAR,Carolina,Panthers,64,HOU,Houston,Texans,1110,NRG Stadium,24,9,7,0,0,6,7,0,10,3,,,,
,64931,3,2021-09-26,17:00:00 GMT,NORMAL,COMPLETED,,,,,,,,,65,IND,Indianapolis,Colts,67,TEN,Tennessee,Titans,1155,Nissan Stadium,16,25,0,7,10,7,3,0,3,11,,,,
,64932,3,2021-09-26,17:00:00 GMT,NORMAL,COMPLETED,,,,,,,,,68,ATL,Atlanta,Falcons,53,NYG,New York,Giants,1132,MetLife Stadium,17,14,0,3,7,3,0,0,10,8,,,,
,64935,3,2021-09-26,17:00:00 GMT,NORMAL,COMPLETED,,,,,,,,,75,LAC,Los Angeles,Chargers,73,KC,Kansas City,Chiefs,1365,GEHA Field at Arrowhead Stadium,30,24,0,0,14,3,0,14,16,7,,,,
,64936,3,2021-09-26,17:00:00 GMT,NORMAL,COMPLETED,,,,,,,,,57,CIN,Cincinnati,Bengals,59,PIT,Pittsburgh,Steelers,1139,Heinz Field,24,10,7,0,7,7,10,0,0,3,,,,
,64937,3,2021-09-26,17:00:00 GMT,NORMAL,COMPLETED,,,,,,,,,60,CHI,Chicago,Bears,58,CLE,Cleveland,Browns,1101,FirstEnergy Stadium,6,26,3,0,0,10,3,3,0,13,,,,
,64938,3,2021-09-26,17:00:00 GMT,NORMAL,COMPLETED,,,,,,,,,56,BAL,Baltimore,Ravens,61,DET,Detroit,Lions,1106,Ford Field,19,17,0,0,10,0,6,7,3,10,,,,
,64939,3,2021-09-26,17:00:00 GMT,NORMAL,COMPLETED,,,,,,,,,70,NO,New Orleans,Saints,50,NE,New England,Patriots,1129,Gillette Stadium,28,13,7,0,7,3,7,3,7,7,,,,
,64940,3,2021-09-26,17:00:00 GMT,NORMAL,COMPLETED,,,,,,,,,76,ARI,Arizona,Cardinals,66,JAX,Jacksonville,Jaguars,1266,TIAA Bank Field,31,19,7,0,0,13,17,6,7,0,,,,
,64941,3,2021-09-26,17:00:00 GMT,NORMAL,COMPLETED,,,,,,,,,55,WAS,Washington,Football Team,48,BUF,Buffalo,Bills,1390,Highmark Stadium,21,43,0,7,14,20,0,9,7,7,,,,
,64929,3,2021-09-26,20:05:00 GMT,NORMAL,COMPLETED,,,,,,,,,51,NYJ,New York,Jets,72,DEN,Denver,Broncos,1289,Empower Field at Mile High,0,26,0,7,0,10,0,3,0,6,,,,
,64934,3,2021-09-26,20:05:00 GMT,NORMAL,COMPLETED,,,,,,,,,49,MIA,Miami,Dolphins,74,LV,Las Vegas,Raiders,1287,Allegiant Stadium,28,31,14,2,0,10,0,7,11,6,3,6,,
,64928,3,2021-09-26,20:25:00 GMT,NORMAL,COMPLETED,,,,,,,,,79,SEA,Seattle,Seahawks,63,MIN,Minnesota,Vikings,1246,US Bank Stadium,17,30,10,7,7,14,0,3,0,6,,,,
,64933,3,2021-09-26,20:25:00 GMT,NORMAL,COMPLETED,,,,,,,,,71,TB,Tampa Bay,Buccaneers,77,LA,Los Angeles,Rams,1288,SoFi Stadium,24,34,0,0,7,14,10,17,7,3,,,,
,64930,3,2021-09-26,00:20:00 GMT,NORMAL,COMPLETED,,,,,,,,,62,GB,Green Bay,Packers,78,SF,San Francisco,49ers,1144,Levi's Stadium,30,28,10,0,7,7,0,7,13,14,,,,
,64942,3,2021-09-27,00:15:00 GMT,NORMAL,COMPLETED,,,,,,,,,54,PHI,Philadelphia,Eagles,52,DAL,Dallas,Cowboys,1103,AT&T Stadium,21,41,7,14,0,6,7,7,7,14,,,,
,64943,4,2021-09-30,00:20:00 GMT,NORMAL,COMPLETED,,,,,,,,,66,JAX,Jacksonville,Jaguars,57,CIN,Cincinnati,Bengals,1099,Paul Brown Stadium,21,24,7,0,7,0,0,14,7,10,,,,
,64947,4,2021-10-03,17:00:00 GMT,NORMAL,COMPLETED,,,,,,,,,67,TEN,Tennessee,Titans,51,NYJ,New York,Jets,1132,MetLife Stadium,24,27,3,0,6,7,0,3,15,14,0,3,,
,64950,4,2021-10-03,17:00:00 GMT,NORMAL,COMPLETED,,,,,,,,,73,KC,Kansas City,Chiefs,54,PHI,Philadelphia,Eagles,1138,Lincoln Financial Field,42,30,7,10,14,3,7,3,14,14,,,,
,64951,4,2021-10-03,17:00:00 GMT,NORMAL,COMPLETED,,,,,,,,,69,CAR,Carolina,Panthers,52,DAL,Dallas,Cowboys,1103,AT&T Stadium,28,36,7,7,7,6,0,20,14,3,,,,
,64952,4,2021-10-03,17:00:00 GMT,NORMAL,COMPLETED,,,,,,,,,53,NYG,New York,Giants,70,NO,New Orleans,Saints,1398,Caesars Superdome,27,21,0,0,7,7,3,7,11,7,6,0,,
,64953,4,2021-10-03,17:00:00 GMT,NORMAL,COMPLETED,,,,,,,,,58,CLE,Cleveland,Browns,63,MIN,Minnesota,Vikings,1246,US Bank Stadium,14,7,0,7,11,0,0,0,3,0,,,,
,64954,4,2021-10-03,17:00:00 GMT,NORMAL,COMPLETED,,,,,,,,,61,DET,Detroit,Lions,60,CHI,Chicago,Bears,1098,Soldier Field,14,24,0,7,0,7,7,10,7,0,,,,
,64955,4,2021-10-03,17:00:00 GMT,NORMAL,COMPLETED,,,,,,,,,64,HOU,Houston,Texans,48,BUF,Buffalo,Bills,1390,Highmark Stadium,0,40,0,7,0,9,0,3,0,21,,,,
,64956,4,2021-10-03,17:00:00 GMT,NORMAL,COMPLETED,,,,,,,,,65,IND,Indianapolis,Colts,49,MIA,Miami,Dolphins,1126,Hard Rock Stadium,27,17,0,3,7,0,10,0,10,14,,,,
,64957,4,2021-10-03,17:00:00 GMT,NORMAL,COMPLETED,,,,,,,,,55,WAS,Washington,Football Team,68,ATL,Atlanta,Falcons,1130,Mercedes-Benz Stadium,34,30,0,3,13,14,9,6,12,7,,,,
,64944,4,2021-10-03,20:05:00 GMT,NORMAL,COMPLETED,,,,,,,,,79,SEA,Seattle,Seahawks,78,SF,San Francisco,49ers,1144,Levi's Stadium,28,21,0,7,7,0,14,6,7,8,,,,
,64946,4,2021-10-03,20:05:00 GMT,NORMAL,COMPLETED,,,,,,,,,76,ARI,Arizona,Cardinals,77,LA,Los Angeles,Rams,1288,SoFi Stadium,37,20,7,10,17,3,10,0,3,7,,,,
,64948,4,2021-10-03,20:25:00 GMT,NORMAL,COMPLETED,,,,,,,,,59,PIT,Pittsburgh,Steelers,62,GB,Green Bay,Packers,1108,Lambeau Field,17,27,7,0,3,17,0,10,7,0,,,,
,64949,4,2021-10-03,20:25:00 GMT,NORMAL,COMPLETED,,,,,,,,,56,BAL,Baltimore,Ravens,72,DEN,Denver,Broncos,1289,Empower Field at Mile High,23,7,0,0,17,7,0,0,6,0,,,,
,64945,4,2021-10-03,00:20:00 GMT,NORMAL,COMPLETED,,,,,,,,,71,TB,Tampa Bay,Buccaneers,50,NE,New England,Patriots,1129,Gillette Stadium,19,17,3,0,3,7,7,0,6,10,,,,
,64958,4,2021-10-04,00:50:00 GMT,NORMAL,COMPLETED,,,,,,,,,74,LV,Las Vegas,Raiders,75,LAC,Los Angeles,Chargers,1288,SoFi Stadium,14,28,0,7,0,14,14,0,0,7,,,,
,64959,5,2021-10-07,00:20:00 GMT,NORMAL,COMPLETED,,,,,,,,,77,LA,Los Angeles,Rams,79,SEA,Seattle,Seahawks,1352,Lumen Field,26,17,0,0,3,7,13,0,10,10,,,,
,64973,5,2021-10-10,13:30:00 GMT,NORMAL,COMPLETED,,,,,,,,,51,NYJ,New York,Jets,68,ATL,Atlanta,Falcons,1366,Tottenham Hotspur Stadium,20,27,0,10,3,10,6,0,11,7,,,,
,64962,5,2021-10-10,17:00:00 GMT,NORMAL,COMPLETED,,,,,,,,,61,DET,Detroit,Lions,63,MIN,Minnesota,Vikings,1246,US Bank Stadium,17,19,3,3,3,10,0,0,11,6,,,,
,64964,5,2021-10-10,17:00:00 GMT,NORMAL,COMPLETED,,,,,,,,,70,NO,New Orleans,Saints,55,WAS,Washington,Football Team,1157,FedEx Field,33,22,7,6,13,7,0,3,13,6,,,,
,64966,5,2021-10-10,17:00:00 GMT,NORMAL,COMPLETED,,,,,,,,,50,NE,New England,Patriots,64,HOU,Houston,Texans,1110,NRG Stadium,25,22,0,6,9,9,6,7,10,0,,,,
,64968,5,2021-10-10,17:00:00 GMT,NORMAL,COMPLETED,,,,,,,,,49,MIA,Miami,Dolphins,71,TB,Tampa Bay,Buccaneers,1151,Raymond James Stadium,17,45,10,7,0,17,7,0,0,21,,,,
,64969,5,2021-10-10,17:00:00 GMT,NORMAL,COMPLETED,,,,,,,,,62,GB,Green Bay,Packers,57,CIN,Cincinnati,Bengals,1099,Paul Brown Stadium,25,22,0,7,16,7,3,0,3,8,3,0,,
,64970,5,2021-10-10,17:00:00 GMT,NORMAL,COMPLETED,,,,,,,,,72,DEN,Denver,Broncos,59,PIT,Pittsburgh,Steelers,1139,Heinz Field,19,27,3,7,3,10,0,7,13,3,,,,
,64971,5,2021-10-10,17:00:00 GMT,NORMAL,COMPLETED,,,,,,,,,54,PHI,Philadelphia,Eagles,69,CAR,Carolina,Panthers,1096,Bank of America Stadium,21,18,3,10,3,5,7,0,8,3,,,,
,64972,5,2021-10-10,17:00:00 GMT,NORMAL,COMPLETED,,,,,,,,,67,TEN,Tennessee,Titans,66,JAX,Jacksonville,Jaguars,1266,TIAA Bank Field,37,19,7,6,17,7,7,0,6,6,,,,
,64963,5,2021-10-10,20:05:00 GMT,NORMAL,COMPLETED,,,,,,,,,58,CLE,Cleveland,Browns,75,LAC,Los Angeles,Chargers,1288,SoFi Stadium,42,47,3,7,17,6,7,8,15,26,,,,
,64965,5,2021-10-10,20:05:00 GMT,NORMAL,COMPLETED,,,,,,,,,60,CHI,Chicago,Bears,74,LV,Las Vegas,Raiders,1287,Allegiant Stadium,20,9,0,3,14,0,0,0,6,6,,,,
,64961,5,2021-10-10,20:25:00 GMT,NORMAL,COMPLETED,,,,,,,,,78,SF,San Francisco,49ers,76,ARI,Arizona,Cardinals,1269,State Farm Stadium,10,17,0,7,0,3,7,0,3,7,,,,
,64967,5,2021-10-10,20:25:00 GMT,NORMAL,COMPLETED,,,,,,,,,53,NYG,New York,Giants,52,DAL,Dallas,Cowboys,1103,AT&T Stadium,20,44,0,3,10,14,3,10,7,17,,,,
,64960,5,2021-10-10,00:20:00 GMT,NORMAL,COMPLETED,,,,,,,,,48,BUF,Buffalo,Bills,73,KC,Kansas City,Chiefs,1365,GEHA Field at Arrowhead Stadium,38,20,7,3,17,10,7,0,7,7,,,,
,64974,5,2021-10-11,00:15:00 GMT,NORMAL,COMPLETED,,,,,,,,,65,IND,Indianapolis,Colts,56,BAL,Baltimore,Ravens,1091,M&T Bank Stadium,25,31,7,0,3,3,12,6,3,16,0,6,,
,64975,6,2021-10-14,00:20:00 GMT,NORMAL,COMPLETED,,,,,,,,,71,TB,Tampa Bay,Buccaneers,54,PHI,Philadelphia,Eagles,1138,Lincoln Financial Field,28,22,14,7,7,0,7,7,0,8,,,,
,64986,6,2021-10-17,13:30:00 GMT,NORMAL,COMPLETED,,,,,,,,,49,MIA,Miami,Dolphins,66,JAX,Jacksonville,Jaguars,1366,Tottenham Hotspur Stadium,20,23,7,3,6,7,0,7,7,6,,,,
,64976,6,2021-10-17,17:00:00 GMT,NORMAL,COMPLETED,,,,,,,,,73,KC,Kansas City,Chiefs,55,WAS,Washington,Football Team,1157,FedEx Field,31,13,7,3,3,10,7,0,14,0,,,,
,64977,6,2021-10-17,17:00:00 GMT,NORMAL,COMPLETED,,,,,,,,,77,LA,Los Angeles,Rams,53,NYG,New York,Giants,1132,MetLife Stadium,38,11,0,3,28,0,3,0,7,8,,,,
,64980,6,2021-10-17,17:00:00 GMT,NORMAL,COMPLETED,,,,,,,,,64,HOU,Houston,Texans,65,IND,Indianapolis,Colts,1111,Lucas Oil Stadium,3,31,0,7,3,3,0,14,0,7,,,,
,64982,6,2021-10-17,17:00:00 GMT,NORMAL,COMPLETED,,,,,,,,,57,CIN,Cincinnati,Bengals,61,DET,Detroit,Lions,1106,Ford Field,34,11,7,0,3,0,10,0,14,11,,,,
,64984,6,2021-10-17,17:00:00 GMT,NORMAL,COMPLETED,,,,,,,,,62,GB,Green Bay,Packers,60,CHI,Chicago,Bears,1098,Soldier Field,24,14,0,7,10,0,7,0,7,7,,,,
,64985,6,2021-10-17,17:00:00 GMT,NORMAL,COMPLETED,,,,,,,,,75,LAC,Los Angeles,Chargers,56,BAL,Baltimore,Ravens,1091,M&T Bank Stadium,6,34,0,7,6,10,0,10,0,7,,,,
,64987,6,2021-10-17,17:00:00 GMT,NORMAL,COMPLETED,,,,,,,,,63,MIN,Minnesota,Vikings,69,CAR,Carolina,Panthers,1096,Bank of America Stadium,34,28,6,7,6,3,13,7,3,11,6,0,,
,64983,6,2021-10-17,20:05:00 GMT,NORMAL,COMPLETED,,,,,,,,,76,ARI,Arizona,Cardinals,58,CLE,Cleveland,Browns,1101,FirstEnergy Stadium,37,14,7,0,16,14,7,0,7,0,,,,
,64978,6,2021-10-17,20:25:00 GMT,NORMAL,COMPLETED,,,,,,,,,74,LV,Las Vegas,Raiders,72,DEN,Denver,Broncos,1289,Empower Field at Mile High,34,24,10,7,7,0,14,3,3,14,,,,
,64981,6,2021-10-17,20:25:00 GMT,NORMAL,COMPLETED,,,,,,,,,52,DAL,Dallas,Cowboys,50,NE,New England,Patriots,1129,Gillette Stadium,35,29,7,14,3,0,7,0,12,15,6,0,,
,64979,6,2021-10-17,00:20:00 GMT,NORMAL,COMPLETED,,,,,,,,,79,SEA,Seattle,Seahawks,59,PIT,Pittsburgh,Steelers,1139,Heinz Field,20,23,0,0,0,14,14,3,6,3,0,3,,
,64988,6,2021-10-18,00:15:00 GMT,NORMAL,COMPLETED,,,,,,,,,48,BUF,Buffalo,Bills,67,TEN,Tennessee,Titans,1155,Nissan Stadium,31,34,3,0,17,17,11,7,0,10,,,,
,64989,7,2021-10-21,00:20:00 GMT,NORMAL,COMPLETED,,,,,,,,,72,DEN,Denver,Broncos,58,CLE,Cleveland,Browns,1101,FirstEnergy Stadium,14,17,0,10,0,0,7,7,7,0,,,,
,64992,7,2021-10-24,17:00:00 GMT,NORMAL,COMPLETED,,,,,,,,,69,CAR,Carolina,Panthers,53,NYG,New York,Giants,1132,MetLife Stadium,3,25,3,0,0,5,0,7,0,13,,,,
,64994,7,2021-10-24,17:00:00 GMT,NORMAL,COMPLETED,,,,,,,,,51,NYJ,New York,Jets,50,NE,New England,Patriots,1129,Gillette Stadium,13,54,0,14,7,17,6,3,0,20,,,,
,64997,7,2021-10-24,17:00:00 GMT,NORMAL,COMPLETED,,,,,,,,,73,KC,Kansas City,Chiefs,67,TEN,Tennessee,Titans,1155,Nissan Stadium,3,27,0,14,0,13,3,0,0,0,,,,
,64998,7,2021-10-24,17:00:00 GMT,NORMAL,COMPLETED,,,,,,,,,55,WAS,Washington,Football Team,62,GB,Green Bay,Packers,1108,Lambeau Field,10,24,7,7,0,7,0,7,3,3,,,,
,64999,7,2021-10-24,17:00:00 GMT,NORMAL,COMPLETED,,,,,,,,,68,ATL,Atlanta,Falcons,49,MIA,Miami,Dolphins,1126,Hard Rock Stadium,30,28,0,7,13,0,7,7,10,14,,,,
,65000,7,2021-10-24,17:00:00 GMT,NORMAL,COMPLETED,,,,,,,,,57,CIN,Cincinnati,Bengals,56,BAL,Baltimore,Ravens,1091,M&T Bank Stadium,41,17,3,0,10,10,14,7,14,0,,,,
,64995,7,2021-10-24,20:05:00 GMT,NORMAL,COMPLETED,,,,,,,,,61,DET,Detroit,Lions,77,LA,Los Angeles,Rams,1288,SoFi Stadium,19,28,10,3,6,14,3,0,0,11,,,,
,64996,7,2021-10-24,20:05:00 GMT,NORMAL,COMPLETED,,,,,,,,,54,PHI,Philadelphia,Eagles,74,LV,Las Vegas,Raiders,1287,Allegiant Stadium,22,33,7,0,0,17,0,13,15,3,,,,
,64991,7,2021-10-24,20:25:00 GMT,NORMAL,COMPLETED,,,,,,,,,64,HOU,Houston,Texans,76,ARI,Arizona,Cardinals,1269,State Farm Stadium,5,31,2,0,3,17,0,7,0,7,,,,
,64993,7,2021-10-24,20:25:00 GMT,NORMAL,COMPLETED,,,,,,,,,60,CHI,Chicago,Bears,71,TB,Tampa Bay,Buccaneers,1151,Raymond James Stadium,3,38,0,21,3,14,0,0,0,3,,,,
,64990,7,2021-10-24,00:20:00 GMT,NORMAL,COMPLETED,,,,,,,,,65,IND,Indianapolis,Colts,78,SF,San Francisco,49ers,1144,Levi's Stadium,30,18,7,12,6,0,7,0,10,6,,,,
,65001,7,2021-10-25,00:15:00 GMT,NORMAL,COMPLETED,,,,,,,,,70,NO,New Orleans,Saints,79,SEA,Seattle,Seahawks,1352,Lumen Field,13,10,0,7,10,0,0,3,3,0,,,,
,65002,8,2021-10-28,00:20:00 GMT,NORMAL,COMPLETED,,,,,,,,,62,GB,Green Bay,Packers,76,ARI,Arizona,Cardinals,1269,State Farm Stadium,24,21,0,7,10,0,7,7,7,7,,,,
,65005,8,2021-10-31,17:00:00 GMT,NORMAL,COMPLETED,,,,,,,,,57,CIN,Cincinnati,Bengals,51,NYJ,New York,Jets,1132,MetLife Stadium,31,34,0,7,17,7,7,3,7,17,,,,
,65007,8,2021-10-31,17:00:00 GMT,NORMAL,COMPLETED,,,,,,,,,67,TEN,Tennessee,Titans,65,IND,Indianapolis,Colts,1111,Lucas Oil Stadium,34,31,0,14,14,3,7,7,10,7,3,0,,
,65010,8,2021-10-31,17:00:00 GMT,NORMAL,COMPLETED,,,,,,,,,77,LA,Los Angeles,Rams,64,HOU,Houston,Texans,1110,NRG Stadium,38,22,7,0,17,0,14,0,0,22,,,,
,65011,8,2021-10-31,17:00:00 GMT,NORMAL,COMPLETED,,,,,,,,,59,PIT,Pittsburgh,Steelers,58,CLE,Cleveland,Browns,1101,FirstEnergy Stadium,15,10,0,3,3,0,6,7,6,0,,,,
,65012,8,2021-10-31,17:00:00 GMT,NORMAL,COMPLETED,,,,,,,,,54,PHI,Philadelphia,Eagles,61,DET,Detroit,Lions,1106,Ford Field,44,6,7,0,10,0,21,0,6,6,,,,
,65013,8,2021-10-31,17:00:00 GMT,NORMAL,COMPLETED,,,,,,,,,78,SF,San Francisco,49ers,60,CHI,Chicago,Bears,1098,Soldier Field,33,22,3,3,6,10,6,3,18,6,,,,
,65014,8,2021-10-31,17:00:00 GMT,NORMAL,COMPLETED,,,,,,,,,69,CAR,Carolina,Panthers,68,ATL,Atlanta,Falcons,1130,Mercedes-Benz Stadium,19,13,3,3,6,7,3,0,7,3,,,,
,65015,8,2021-10-31,17:00:00 GMT,NORMAL,COMPLETED,,,,,,,,,49,MIA,Miami,Dolphins,48,BUF,Buffalo,Bills,1390,Highmark Stadium,11,26,0,3,3,0,0,7,8,16,,,,
,65008,8,2021-10-31,20:05:00 GMT,NORMAL,COMPLETED,,,,,,,,,50,NE,New England,Patriots,75,LAC,Los Angeles,Chargers,1288,SoFi Stadium,27,24,7,7,6,7,3,3,11,7,,,,
,65009,8,2021-10-31,20:05:00 GMT,NORMAL,COMPLETED,,,,,,,,,66,JAX,Jacksonville,Jaguars,79,SEA,Seattle,Seahawks,1352,Lumen Field,7,31,0,7,0,10,0,7,7,7,,,,
,65004,8,2021-10-31,20:25:00 GMT,NORMAL,COMPLETED,,,,,,,,,55,WAS,Washington,Football Team,72,DEN,Denver,Broncos,1289,Empower Field at Mile High,10,17,0,0,3,10,7,0,0,7,,,,
,65006,8,2021-10-31,20:25:00 GMT,NORMAL,COMPLETED,,,,,,,,,71,TB,Tampa Bay,Buccaneers,70,NO,New Orleans,Saints,1398,Caesars Superdome,27,36,7,7,0,9,14,7,6,13,,,,
,65003,8,2021-10-31,00:20:00 GMT,NORMAL,COMPLETED,,,,,,,,,52,DAL,Dallas,Cowboys,63,MIN,Minnesota,Vikings,1246,US Bank Stadium,20,16,0,7,3,3,10,3,7,3,,,,
,65016,8,2021-11-01,00:15:00 GMT,NORMAL,COMPLETED,,,,,,,,,53,NYG,New York,Giants,73,KC,Kansas City,Chiefs,1365,GEHA Field at Arrowhead Stadium,17,20,0,7,10,7,0,0,7,6,,,,
,65017,9,2021-11-04,00:20:00 GMT,NORMAL,COMPLETED,,,,,,,,,51,NYJ,New York,Jets,65,IND,Indianapolis,Colts,1111,Lucas Oil Stadium,30,45,7,7,3,21,6,14,14,3,,,,
,65021,9,2021-11-07,18:00:00 GMT,NORMAL,COMPLETED,,,,,,,,,72,DEN,Denver,Broncos,52,DAL,Dallas,Cowboys,1103,AT&T Stadium,30,16,6,0,10,0,3,0,11,16,,,,
,65022,9,2021-11-07,18:00:00 GMT,NORMAL,COMPLETED,,,,,,,,,68,ATL,Atlanta,Falcons,70,NO,New Orleans,Saints,1398,Caesars Superdome,27,25,3,0,7,0,7,3,10,22,,,,
,65023,9,2021-11-07,18:00:00 GMT,NORMAL,COMPLETED,,,,,,,,,50,NE,New England,Patriots,69,CAR,Carolina,Panthers,1096,Bank of America Stadium,24,6,0,0,14,6,10,0,0,0,,,,
,65024,9,2021-11-07,18:00:00 GMT,NORMAL,COMPLETED,,,,,,,,,63,MIN,Minnesota,Vikings,56,BAL,Baltimore,Ravens,1091,M&T Bank Stadium,31,34,7,3,10,7,7,7,7,14,0,3,,
,65026,9,2021-11-07,18:00:00 GMT,NORMAL,COMPLETED,,,,,,,,,58,CLE,Cleveland,Browns,57,CIN,Cincinnati,Bengals,1099,Paul Brown Stadium,41,16,7,7,17,3,10,0,7,6,,,,
,65027,9,2021-11-07,18:00:00 GMT,NORMAL,COMPLETED,,,,,,,,,48,BUF,Buffalo,Bills,66,JAX,Jacksonville,Jaguars,1266,TIAA Bank Field,6,9,3,3,3,3,0,0,0,3,,,,
,65029,9,2021-11-07,18:00:00 GMT,NORMAL,COMPLETED,,,,,,,,,64,HOU,Houston,Texans,49,MIA,Miami,Dolphins,1126,Hard Rock Stadium,9,17,0,7,6,10,0,0,3,0,,,,
,65030,9,2021-11-07,18:00:00 GMT,NORMAL,COMPLETED,,,,,,,,,74,LV,Las Vegas,Raiders,53,NYG,New York,Giants,1132,MetLife Stadium,16,23,7,7,6,3,3,7,0,6,,,,
,65028,9,2021-11-07,21:05:00 GMT,NORMAL,COMPLETED,,,,,,,,,75,LAC,Los Angeles,Chargers,54,PHI,Philadelphia,Eagles,1138,Lincoln Financial Field,27,24,7,0,0,10,9,7,11,7,,,,
,65019,9,2021-11-07,21:25:00 GMT,NORMAL,COMPLETED,,,,,,,,,62,GB,Green Bay,Packers,73,KC,Kansas City,Chiefs,1365,GEHA Field at Arrowhead Stadium,7,13,0,7,0,6,0,0,7,0,,,,
,65025,9,2021-11-07,21:25:00 GMT,NORMAL,COMPLETED,,,,,,,,,76,ARI,Arizona,Cardinals,78,SF,San Francisco,49ers,1144,Levi's Stadium,31,17,14,0,3,7,14,7,0,3,,,,
,65018,9,2021-11-07,01:20:00 GMT,NORMAL,COMPLETED,,,,,,,,,67,TEN,Tennessee,Titans,77,LA,Los Angeles,Rams,1288,SoFi Stadium,28,16,0,3,21,0,0,3,7,10,,,,
,65031,9,2021-11-08,01:15:00 GMT,NORMAL,COMPLETED,,,,,,,,,60,CHI,Chicago,Bears,59,PIT,Pittsburgh,Steelers,1139,Heinz Field,27,29,0,7,3,7,3,6,21,9,,,,
,65032,10,2021-11-11,01:20:00 GMT,NORMAL,COMPLETED,,,,,,,,,56,BAL,Baltimore,Ravens,49,MIA,Miami,Dolphins,1126,Hard Rock Stadium,10,22,3,0,0,6,0,0,7,16,,,,
,65034,10,2021-11-14,18:00:00 GMT,NORMAL,COMPLETED,,,,,,,,,48,BUF,Buffalo,Bills,51,NYJ,New York,Jets,1132,MetLife Stadium,45,17,10,0,7,3,21,0,7,14,,,,
,65036,10,2021-11-14,18:00:00 GMT,NORMAL,COMPLETED,,,,,,,,,71,TB,Tampa Bay,Buccaneers,55,WAS,Washington,Football Team,1157,FedEx Field,19,29,0,6,6,10,7,7,6,6,,,,
,65038,10,2021-11-14,18:00:00 GMT,NORMAL,COMPLETED,,,,,,,,,68,ATL,Atlanta,Falcons,52,DAL,Dallas,Cowboys,1103,AT&T Stadium,3,43,3,7,0,29,0,7,0,0,,,,
,65039,10,2021-11-14,18:00:00 GMT,NORMAL,COMPLETED,,,,,,,,,70,NO,New Orleans,Saints,67,TEN,Tennessee,Titans,1155,Nissan Stadium,21,23,0,3,6,10,6,7,9,3,,,,
,65041,10,2021-11-14,18:00:00 GMT,NORMAL,COMPLETED,,,,,,,,,66,JAX,Jacksonville,Jaguars,65,IND,Indianapolis,Colts,1111,Lucas Oil Stadium,17,23,6,17,3,3,0,0,8,3,,,,
,65042,10,2021-11-14,18:00:00 GMT,NORMAL,COMPLETED,,,,,,,,,61,DET,Detroit,Lions,59,PIT,Pittsburgh,Steelers,1139,Heinz Field,16,16,0,7,10,3,6,3,0,3,0,0,,
,65043,10,2021-11-14,18:00:00 GMT,NORMAL,COMPLETED,,,,,,,,,58,CLE,Cleveland,Browns,50,NE,New England,Patriots,1129,Gillette Stadium,7,45,7,7,0,17,0,7,0,14,,,,
,65037,10,2021-11-14,21:05:00 GMT,NORMAL,COMPLETED,,,,,,,,,63,MIN,Minnesota,Vikings,75,LAC,Los Angeles,Chargers,1288,SoFi Stadium,27,20,0,0,13,10,7,7,7,3,,,,
,65040,10,2021-11-14,21:05:00 GMT,NORMAL,COMPLETED,,,,,,,,,69,CAR,Carolina,Panthers,76,ARI,Arizona,Cardinals,1269,State Farm Stadium,34,10,17,0,6,0,8,3,3,7,,,,
,65035,10,2021-11-14,21:25:00 GMT,NORMAL,COMPLETED,,,,,,,,,54,PHI,Philadelphia,Eagles,72,DEN,Denver,Broncos,1289,Empower Field at Mile High,30,13,10,0,10,10,7,3,3,0,,,,
,65044,10,2021-11-14,21:25:00 GMT,NORMAL,COMPLETED,,,,,,,,,79,SEA,Seattle,Seahawks,62,GB,Green Bay,Packers,1108,Lambeau Field,0,17,0,0,0,3,0,0,0,14,,,,
,65033,10,2021-11-14,01:20:00 GMT,NORMAL,COMPLETED,,,,,,,,,73,KC,Kansas City,Chiefs,74,LV,Las Vegas,Raiders,1287,Allegiant Stadium,41,14,7,0,10,7,10,7,14,0,,,,
,65045,10,2021-11-15,01:15:00 GMT,NORMAL,COMPLETED,,,,,,,,,77,LA,Los Angeles,Rams,78,SF,San Francisco,49ers,1144,Levi's Stadium,10,31,0,14,7,7,0,3,3,7,,,,
,65046,11,2021-11-18,01:20:00 GMT,NORMAL,COMPLETED,,,,,,,,,50,NE,New England,Patriots,68,ATL,Atlanta,Falcons,1130,Mercedes-Benz Stadium,25,0,3,0,10,0,0,0,12,0,,,,
,65048,11,2021-11-21,18:00:00 GMT,NORMAL,COMPLETED,,,,,,,,,70,NO,New Orleans,Saints,54,PHI,Philadelphia,Eagles,1138,Lincoln Financial Field,29,40,0,14,7,13,0,6,22,7,,,,
,65050,11,2021-11-21,18:00:00 GMT,NORMAL,COMPLETED,,,,,,,,,49,MIA,Miami,Dolphins,51,NYJ,New York,Jets,1132,MetLife Stadium,24,17,7,7,0,0,7,7,10,3,,,,
,65051,11,2021-11-21,18:00:00 GMT,NORMAL,COMPLETED,,,,,,,,,55,WAS,Washington,Football Team,69,CAR,Carolina,Panthers,1096,Bank of America Stadium,27,21,0,7,14,7,7,0,6,7,,,,
,65052,11,2021-11-21,18:00:00 GMT,NORMAL,COMPLETED,,,,,,,,,65,IND,Indianapolis,Colts,48,BUF,Buffalo,Bills,1390,Highmark Stadium,41,15,14,0,10,7,14,0,3,8,,,,
,65055,11,2021-11-21,18:00:00 GMT,NORMAL,COMPLETED,,,,,,,,,61,DET,Detroit,Lions,58,CLE,Cleveland,Browns,1101,FirstEnergy Stadium,10,13,0,0,0,13,7,0,3,0,,,,
,65056,11,2021-11-21,18:00:00 GMT,NORMAL,COMPLETED,,,,,,,,,78,SF,San Francisco,49ers,66,JAX,Jacksonville,Jaguars,1266,TIAA Bank Field,30,10,3,0,17,3,7,0,3,7,,,,
,65057,11,2021-11-21,18:00:00 GMT,NORMAL,COMPLETED,,,,,,,,,64,HOU,Houston,Texans,67,TEN,Tennessee,Titans,1155,Nissan Stadium,22,13,3,0,9,0,7,6,3,7,,,,
,65058,11,2021-11-21,18:00:00 GMT,NORMAL,COMPLETED,,,,,,,,,62,GB,Green Bay,Packers,63,MIN,Minnesota,Vikings,1246,US Bank Stadium,31,34,3,9,7,7,7,7,14,11,,,,
,65059,11,2021-11-21,18:00:00 GMT,NORMAL,COMPLETED,,,,,,,,,56,BAL,Baltimore,Ravens,60,CHI,Chicago,Bears,1098,Soldier Field,16,13,0,0,6,0,0,7,10,6,,,,
,65054,11,2021-11-21,21:05:00 GMT,NORMAL,COMPLETED,,,,,,,,,57,CIN,Cincinnati,Bengals,74,LV,Las Vegas,Raiders,1287,Allegiant Stadium,32,13,3,3,7,3,3,0,19,7,,,,
,65049,11,2021-11-21,21:25:00 GMT,NORMAL,COMPLETED,,,,,,,,,76,ARI,Arizona,Cardinals,79,SEA,Seattle,Seahawks,1352,Lumen Field,23,13,7,0,6,6,3,0,7,7,,,,
,65053,11,2021-11-21,21:25:00 GMT,NORMAL,COMPLETED,,,,,,,,,52,DAL,Dallas,Cowboys,73,KC,Kansas City,Chiefs,1365,GEHA Field at Arrowhead Stadium,9,19,3,9,0,7,3,3,3,0,,,,
,65047,11,2021-11-21,01:20:00 GMT,NORMAL,COMPLETED,,,,,,,,,59,PIT,Pittsburgh,Steelers,75,LAC,Los Angeles,Chargers,1288,SoFi Stadium,37,41,3,7,7,10,0,10,27,14,,,,
,65060,11,2021-11-22,01:15:00 GMT,NORMAL,COMPLETED,,,,,,,,,53,NYG,New York,Giants,71,TB,Tampa Bay,Buccaneers,1151,Raymond James Stadium,10,30,3,7,7,10,0,10,0,3,,,,
,65063,12,2021-11-25,17:30:00 GMT,NORMAL,COMPLETED,,,,,,,,,60,CHI,Chicago,Bears,61,DET,Detroit,Lions,1106,Ford Field,16,14,0,7,13,0,0,7,3,0,,,,
,65062,12,2021-11-25,21:30:00 GMT,NORMAL,COMPLETED,,,,,,,,,74,LV,Las Vegas,Raiders,52,DAL,Dallas,Cowboys,1103,AT&T Stadium,36,33,14,6,3,7,10,6,6,14,3,0,,
,65061,12,2021-11-25,01:20:00 GMT,NORMAL,COMPLETED,,,,,,,,,48,BUF,Buffalo,Bills,70,NO,New Orleans,Saints,1398,Caesars Superdome,31,6,7,0,3,0,14,0,7,6,,,,
,65064,12,2021-11-28,18:00:00 GMT,NORMAL,COMPLETED,,,,,,,,,71,TB,Tampa Bay,Buccaneers,65,IND,Indianapolis,Colts,1111,Lucas Oil Stadium,38,31,0,3,14,21,14,0,10,7,,,,
,65065,12,2021-11-28,18:00:00 GMT,NORMAL,COMPLETED,,,,,,,,,51,NYJ,New York,Jets,64,HOU,Houston,Texans,1110,NRG Stadium,21,14,3,0,8,14,7,0,3,0,,,,
,65066,12,2021-11-28,18:00:00 GMT,NORMAL,COMPLETED,,,,,,,,,54,PHI,Philadelphia,Eagles,53,NYG,New York,Giants,1132,MetLife Stadium,7,13,0,3,0,0,0,7,7,3,,,,
,65067,12,2021-11-28,18:00:00 GMT,NORMAL,COMPLETED,,,,,,,,,69,CAR,Carolina,Panthers,49,MIA,Miami,Dolphins,1126,Hard Rock Stadium,10,33,7,7,3,14,0,6,0,6,,,,
,65068,12,2021-11-28,18:00:00 GMT,NORMAL,COMPLETED,,,,,,,,,67,TEN,Tennessee,Titans,50,NE,New England,Patriots,1129,Gillette Stadium,13,36,0,7,13,9,0,10,0,10,,,,
,65069,12,2021-11-28,18:00:00 GMT,NORMAL,COMPLETED,,,,,,,,,68,ATL,Atlanta,Falcons,66,JAX,Jacksonville,Jaguars,1266,TIAA Bank Field,21,14,7,0,7,3,7,8,0,3,,,,
,65070,12,2021-11-28,18:00:00 GMT,NORMAL,COMPLETED,,,,,,,,,59,PIT,Pittsburgh,Steelers,57,CIN,Cincinnati,Bengals,1099,Paul Brown Stadium,10,41,3,10,0,21,0,3,7,7,,,,
,65072,12,2021-11-28,21:05:00 GMT,NORMAL,COMPLETED,,,,,,,,,75,LAC,Los Angeles,Chargers,72,DEN,Denver,Broncos,1289,Empower Field at Mile High,13,28,0,7,7,7,0,0,6,14,,,,
,65073,12,2021-11-28,21:25:00 GMT,NORMAL,COMPLETED,,,,,,,,,63,MIN,Minnesota,Vikings,78,SF,San Francisco,49ers,1144,Levi's Stadium,26,34,7,7,7,7,12,20,0,0,,,,
,65346,12,2021-11-28,21:25:00 GMT,NORMAL,COMPLETED,,,,,,,,,77,LA,Los Angeles,Rams,62,GB,Green Bay,Packers,1108,Lambeau Field,28,36,0,7,17,13,0,16,11,0,,,,
,65074,12,2021-11-28,01:20:00 GMT,NORMAL,COMPLETED,,,,,,,,,58,CLE,Cleveland,Browns,56,BAL,Baltimore,Ravens,1091,M&T Bank Stadium,10,16,0,3,3,3,7,7,0,3,,,,
,65075,12,2021-11-29,01:15:00 GMT,NORMAL,COMPLETED,,,,,,,,,79,SEA,Seattle,Seahawks,55,WAS,Washington,Football Team,1157,FedEx Field,15,17,7,3,2,6,0,8,6,0,,,,
,65076,13,2021-12-02,01:20:00 GMT,NORMAL,COMPLETED,,,,,,,,,52,DAL,Dallas,Cowboys,70,NO,New Orleans,Saints,1398,Caesars Superdome,27,17,7,0,6,7,7,3,7,7,,,,
,65078,13,2021-12-05,18:00:00 GMT,NORMAL,COMPLETED,,,,,,,,,53,NYG,New York,Giants,49,MIA,Miami,Dolphins,1126,Hard Rock Stadium,9,20,0,0,3,10,3,0,3,10,,,,
,65081,13,2021-12-05,18:00:00 GMT,NORMAL,COMPLETED,,,,,,,,,65,IND,Indianapolis,Colts,64,HOU,Houston,Texans,1110,NRG Stadium,31,0,7,0,7,0,7,0,10,0,,,,
,65082,13,2021-12-05,18:00:00 GMT,NORMAL,COMPLETED,,,,,,,,,63,MIN,Minnesota,Vikings,61,DET,Detroit,Lions,1106,Ford Field,27,29,6,0,0,20,9,3,12,6,,,,
,65083,13,2021-12-05,18:00:00 GMT,NORMAL,COMPLETED,,,,,,,,,54,PHI,Philadelphia,Eagles,51,NYJ,New York,Jets,1132,MetLife Stadium,33,18,7,12,17,6,3,0,6,0,,,,
,65086,13,2021-12-05,18:00:00 GMT,NORMAL,COMPLETED,,,,,,,,,76,ARI,Arizona,Cardinals,60,CHI,Chicago,Bears,1098,Soldier Field,33,22,14,0,7,7,3,7,9,8,,,,
,65087,13,2021-12-05,18:00:00 GMT,NORMAL,COMPLETED,,,,,,,,,75,LAC,Los Angeles,Chargers,57,CIN,Cincinnati,Bengals,1099,Paul Brown Stadium,41,22,16,0,8,13,0,9,17,0,,,,
,65088,13,2021-12-05,18:00:00 GMT,NORMAL,COMPLETED,,,,,,,,,71,TB,Tampa Bay,Buccaneers,68,ATL,Atlanta,Falcons,1130,Mercedes-Benz Stadium,30,17,13,7,7,10,7,0,3,0,,,,
,65077,13,2021-12-05,21:05:00 GMT,NORMAL,COMPLETED,,,,,,,,,66,JAX,Jacksonville,Jaguars,77,LA,Los Angeles,Rams,1288,SoFi Stadium,7,37,0,10,7,6,0,14,0,7,,,,
,65084,13,2021-12-05,21:05:00 GMT,NORMAL,COMPLETED,,,,,,,,,55,WAS,Washington,Football Team,74,LV,Las Vegas,Raiders,1287,Allegiant Stadium,17,15,7,0,0,3,0,3,10,9,,,,
,65079,13,2021-12-05,21:25:00 GMT,NORMAL,COMPLETED,,,,,,,,,56,BAL,Baltimore,Ravens,59,PIT,Pittsburgh,Steelers,1139,Heinz Field,19,20,0,0,7,3,3,0,9,17,,,,
,65080,13,2021-12-05,21:25:00 GMT,NORMAL,COMPLETED,,,,,,,,,78,SF,San Francisco,49ers,79,SEA,Seattle,Seahawks,1352,Lumen Field,23,30,14,7,9,14,0,9,0,0,,,,
,65085,13,2021-12-05,01:20:00 GMT,NORMAL,COMPLETED,,,,,,,,,72,DEN,Denver,Broncos,73,KC,Kansas City,Chiefs,1365,GEHA Field at Arrowhead Stadium,9,22,0,10,3,0,0,3,6,9,,,,
,65089,13,2021-12-06,01:15:00 GMT,NORMAL,COMPLETED,,,,,,,,,50,NE,New England,Patriots,48,BUF,Buffalo,Bills,1390,Highmark Stadium,14,10,8,7,3,0,0,3,3,0,,,,
,65090,14,2021-12-09,01:20:00 GMT,NORMAL,COMPLETED,,,,,,,,,59,PIT,Pittsburgh,Steelers,63,MIN,Minnesota,Vikings,1246,US Bank Stadium,28,36,0,6,0,17,7,6,21,7,,,,
,65093,14,2021-12-12,18:00:00 GMT,NORMAL,COMPLETED,,,,,,,,,52,DAL,Dallas,Cowboys,55,WAS,Washington,Football Team,1157,FedEx Field,27,20,18,0,6,0,3,8,0,12,,,,
,65095,14,2021-12-12,18:00:00 GMT,NORMAL,COMPLETED,,,,,,,,,66,JAX,Jacksonville,Jaguars,67,TEN,Tennessee,Titans,1155,Nissan Stadium,0,20,0,7,0,3,0,7,0,3,,,,
,65096,14,2021-12-12,18:00:00 GMT,NORMAL,COMPLETED,,,,,,,,,79,SEA,Seattle,Seahawks,64,HOU,Houston,Texans,1110,NRG Stadium,33,13,10,7,6,6,3,0,14,0,,,,
,65099,14,2021-12-12,18:00:00 GMT,NORMAL,COMPLETED,,,,,,,,,74,LV,Las Vegas,Raiders,73,KC,Kansas City,Chiefs,1365,GEHA Field at Arrowhead Stadium,9,48,0,14,3,21,6,3,0,10,,,,
,65100,14,2021-12-12,18:00:00 GMT,NORMAL,COMPLETED,,,,,,,,,70,NO,New Orleans,Saints,51,NYJ,New York,Jets,1132,MetLife Stadium,30,9,3,0,7,6,3,0,17,3,,,,
,65101,14,2021-12-12,18:00:00 GMT,NORMAL,COMPLETED,,,,,,,,,68,ATL,Atlanta,Falcons,69,CAR,Carolina,Panthers,1096,Bank of America Stadium,29,21,7,7,10,0,3,7,9,7,,,,
,65102,14,2021-12-12,18:00:00 GMT,NORMAL,COMPLETED,,,,,,,,,56,BAL,Baltimore,Ravens,58,CLE,Cleveland,Browns,1101,FirstEnergy Stadium,22,24,0,10,6,14,3,0,13,0,,,,
,65092,14,2021-12-12,21:05:00 GMT,NORMAL,COMPLETED,,,,,,,,,53,NYG,New York,Giants,75,LAC,Los Angeles,Chargers,1288,SoFi Stadium,21,37,7,7,0,17,0,6,14,7,,,,
,65098,14,2021-12-12,21:05:00 GMT,NORMAL,COMPLETED,,,,,,,,,61,DET,Detroit,Lions,72,DEN,Denver,Broncos,1289,Empower Field at Mile High,10,38,0,14,10,3,0,14,0,7,,,,
,65094,14,2021-12-12,21:25:00 GMT,NORMAL,COMPLETED,,,,,,,,,78,SF,San Francisco,49ers,57,CIN,Cincinnati,Bengals,1099,Paul Brown Stadium,26,23,3,3,14,3,3,0,0,14,6,3,,
,65097,14,2021-12-12,21:25:00 GMT,NORMAL,COMPLETED,,,,,,,,,48,BUF,Buffalo,Bills,71,TB,Tampa Bay,Buccaneers,1151,Raymond James Stadium,27,33,0,7,3,17,7,0,17,3,0,6,,
,65091,14,2021-12-12,01:20:00 GMT,NORMAL,COMPLETED,,,,,,,,,60,CHI,Chicago,Bears,62,GB,Green Bay,Packers,1108,Lambeau Field,30,45,3,0,24,21,0,17,3,7,,,,
,65103,14,2021-12-13,01:15:00 GMT,NORMAL,COMPLETED,,,,,,,,,77,LA,Los Angeles,Rams,76,ARI,Arizona,Cardinals,1269,State Farm Stadium,30,23,0,3,13,10,14,0,3,10,,,,
,65104,15,2021-12-16,01:20:00 GMT,NORMAL,COMPLETED,,,,,,,,,73,KC,Kansas City,Chiefs,75,LAC,Los Angeles,Chargers,1288,SoFi Stadium,34,28,7,0,3,14,3,0,15,14,6,0,,
,65117,15,2021-12-18,01:15:00 GMT,NORMAL,COMPLETED,,,,,,,,,50,NE,New England,Patriots,65,IND,Indianapolis,Colts,1111,Lucas Oil Stadium,17,27,0,14,0,3,0,3,17,7,,,,
,65105,15,2021-12-19,18:00:00 GMT,NORMAL,COMPLETED,,,,,,,,,52,DAL,Dallas,Cowboys,53,NYG,New York,Giants,1132,MetLife Stadium,21,6,6,3,9,0,6,3,0,0,,,,
,65106,15,2021-12-19,18:00:00 GMT,NORMAL,COMPLETED,,,,,,,,,67,TEN,Tennessee,Titans,59,PIT,Pittsburgh,Steelers,1139,Heinz Field,13,19,10,0,3,3,0,7,0,9,,,,
,65107,15,2021-12-19,18:00:00 GMT,NORMAL,COMPLETED,,,,,,,,,64,HOU,Houston,Texans,66,JAX,Jacksonville,Jaguars,1266,TIAA Bank Field,30,16,14,3,6,7,3,3,7,3,,,,
,65109,15,2021-12-19,18:00:00 GMT,NORMAL,COMPLETED,,,,,,,,,76,ARI,Arizona,Cardinals,61,DET,Detroit,Lions,1106,Ford Field,12,30,0,3,0,14,6,7,6,6,,,,
,65115,15,2021-12-19,18:00:00 GMT,NORMAL,COMPLETED,,,,,,,,,51,NYJ,New York,Jets,49,MIA,Miami,Dolphins,1126,Hard Rock Stadium,24,31,10,0,7,10,0,7,7,14,,,,
,65118,15,2021-12-19,18:00:00 GMT,NORMAL,COMPLETED,,,,,,,,,69,CAR,Carolina,Panthers,48,BUF,Buffalo,Bills,1390,Highmark Stadium,14,31,0,0,8,17,0,7,6,7,,,,
,65110,15,2021-12-19,21:05:00 GMT,NORMAL,COMPLETED,,,,,,,,,57,CIN,Cincinnati,Bengals,72,DEN,Denver,Broncos,1289,Empower Field at Mile High,15,10,3,0,3,3,9,7,0,0,,,,
,65111,15,2021-12-19,21:05:00 GMT,NORMAL,COMPLETED,,,,,,,,,68,ATL,Atlanta,Falcons,78,SF,San Francisco,49ers,1144,Levi's Stadium,13,31,3,3,7,14,3,14,0,0,,,,
,65108,15,2021-12-19,21:25:00 GMT,NORMAL,COMPLETED,,,,,,,,,62,GB,Green Bay,Packers,56,BAL,Baltimore,Ravens,1091,M&T Bank Stadium,31,30,0,7,14,7,7,3,10,13,,,,
,65112,15,2021-12-19,01:20:00 GMT,NORMAL,COMPLETED,,,,,,,,,70,NO,New Orleans,Saints,71,TB,Tampa Bay,Buccaneers,1151,Raymond James Stadium,9,0,3,0,3,0,0,0,3,0,,,,
,65116,15,2021-12-20,22:00:00 GMT,NORMAL,COMPLETED,,,,,,,,,74,LV,Las Vegas,Raiders,58,CLE,Cleveland,Browns,1101,FirstEnergy Stadium,16,14,7,0,3,0,0,7,6,7,,,,
,65119,15,2021-12-20,01:15:00 GMT,NORMAL,COMPLETED,,,,,,,,,63,MIN,Minnesota,Vikings,60,CHI,Chicago,Bears,1098,Soldier Field,17,9,7,0,3,3,7,0,0,6,,,,
,65113,15,2021-12-21,00:00:00 GMT,NORMAL,COMPLETED,,,,,,,,,79,SEA,Seattle,Seahawks,77,LA,Los Angeles,Rams,1288,SoFi Stadium,10,20,0,3,3,0,7,7,0,10,,,,
,65114,15,2021-12-21,00:00:00 GMT,NORMAL,COMPLETED,,,,,,,,,55,WAS,Washington,Football Team,54,PHI,Philadelphia,Eagles,1138,Lincoln Financial Field,17,27,10,0,0,10,0,10,7,7,,,,
,65120,16,2021-12-23,01:20:00 GMT,NORMAL,COMPLETED,,,,,,,,,78,SF,San Francisco,49ers,67,TEN,Tennessee,Titans,1155,Nissan Stadium,17,20,7,0,3,0,0,10,7,10,,,,
,65134,16,2021-12-25,21:30:00 GMT,NORMAL,COMPLETED,,,,,,,,,58,CLE,Cleveland,Browns,62,GB,Green Bay,Packers,1108,Lambeau Field,22,24,6,7,6,14,3,3,7,0,,,,
,65133,16,2021-12-25,01:15:00 GMT,NORMAL,COMPLETED,,,,,,,,,65,IND,Indianapolis,Colts,76,ARI,Arizona,Cardinals,1269,State Farm Stadium,22,16,7,6,5,0,3,7,7,3,,,,
,65121,16,2021-12-26,18:00:00 GMT,NORMAL,COMPLETED,,,,,,,,,53,NYG,New York,Giants,54,PHI,Philadelphia,Eagles,1138,Lincoln Financial Field,10,34,0,0,3,3,0,17,7,14,,,,
,65122,16,2021-12-26,18:00:00 GMT,NORMAL,COMPLETED,,,,,,,,,77,LA,Los Angeles,Rams,63,MIN,Minnesota,Vikings,1246,US Bank Stadium,30,23,7,0,6,3,7,10,10,10,,,,
,65123,16,2021-12-26,18:00:00 GMT,NORMAL,COMPLETED,,,,,,,,,71,TB,Tampa Bay,Buccaneers,69,CAR,Carolina,Panthers,1096,Bank of America Stadium,32,6,7,3,12,3,10,0,3,0,,,,
,65124,16,2021-12-26,18:00:00 GMT,NORMAL,COMPLETED,,,,,,,,,48,BUF,Buffalo,Bills,50,NE,New England,Patriots,1129,Gillette Stadium,33,21,7,0,10,7,3,7,13,7,,,,
,65125,16,2021-12-26,18:00:00 GMT,NORMAL,COMPLETED,,,,,,,,,66,JAX,Jacksonville,Jaguars,51,NYJ,New York,Jets,1132,MetLife Stadium,21,26,3,6,9,7,3,3,6,10,,,,
,65126,16,2021-12-26,18:00:00 GMT,NORMAL,COMPLETED,,,,,,,,,61,DET,Detroit,Lions,68,ATL,Atlanta,Falcons,1130,Mercedes-Benz Stadium,16,20,3,0,7,10,3,3,3,7,,,,
,65127,16,2021-12-26,18:00:00 GMT,NORMAL,COMPLETED,,,,,,,,,75,LAC,Los Angeles,Chargers,64,HOU,Houston,Texans,1110,NRG Stadium,29,41,6,7,6,10,3,0,14,24,,,,
,65128,16,2021-12-26,18:00:00 GMT,NORMAL,COMPLETED,,,,,,,,,56,BAL,Baltimore,Ravens,57,CIN,Cincinnati,Bengals,1099,Paul Brown Stadium,21,41,7,10,7,21,0,3,7,7,,,,
,65129,16,2021-12-26,21:05:00 GMT,NORMAL,COMPLETED,,,,,,,,,60,CHI,Chicago,Bears,79,SEA,Seattle,Seahawks,1352,Lumen Field,25,24,0,7,7,10,7,7,11,0,,,,
,65130,16,2021-12-26,21:25:00 GMT,NORMAL,COMPLETED,,,,,,,,,59,PIT,Pittsburgh,Steelers,73,KC,Kansas City,Chiefs,1365,GEHA Field at Arrowhead Stadium,10,36,0,14,0,9,3,7,7,6,,,,
,65131,16,2021-12-26,21:25:00 GMT,NORMAL,COMPLETED,,,,,,,,,72,DEN,Denver,Broncos,74,LV,Las Vegas,Raiders,1287,Allegiant Stadium,13,17,0,0,13,7,0,7,0,3,,,,
,65132,16,2021-12-26,01:20:00 GMT,NORMAL,COMPLETED,,,,,,,,,55,WAS,Washington,Football Team,52,DAL,Dallas,Cowboys,1103,AT&T Stadium,14,56,0,21,7,21,0,7,7,7,,,,
,65135,16,2021-12-27,01:15:00 GMT,NORMAL,COMPLETED,,,,,,,,,49,MIA,Miami,Dolphins,70,NO,New Orleans,Saints,1398,Caesars Superdome,20,3,10,0,0,3,7,0,3,0,,,,
,65139,17,2022-01-02,18:00:00 GMT,NORMAL,COMPLETED,,,,,,,,,77,LA,Los Angeles,Rams,56,BAL,Baltimore,Ravens,1091,M&T Bank Stadium,20,19,0,7,7,6,0,3,13,3,,,,
,65141,17,2022-01-02,18:00:00 GMT,NORMAL,COMPLETED,,,,,,,,,71,TB,Tampa Bay,Buccaneers,51,NYJ,New York,Jets,1132,MetLife Stadium,28,24,7,7,3,10,7,7,11,0,,,,
,65143,17,2022-01-02,18:00:00 GMT,NORMAL,COMPLETED,,,,,,,,,49,MIA,Miami,Dolphins,67,TEN,Tennessee,Titans,1155,Nissan Stadium,3,34,0,7,3,10,0,0,0,17,,,,
,65144,17,2022-01-02,18:00:00 GMT,NORMAL,COMPLETED,,,,,,,,,66,JAX,Jacksonville,Jaguars,50,NE,New England,Patriots,1129,Gillette Stadium,10,50,3,7,0,21,0,13,7,9,,,,
,65145,17,2022-01-02,18:00:00 GMT,NORMAL,COMPLETED,,,,,,,,,74,LV,Las Vegas,Raiders,65,IND,Indianapolis,Colts,1111,Lucas Oil Stadium,23,20,7,0,6,10,0,7,10,3,,,,
,65147,17,2022-01-02,18:00:00 GMT,NORMAL,COMPLETED,,,,,,,,,53,NYG,New York,Giants,60,CHI,Chicago,Bears,1098,Soldier Field,3,29,0,14,3,8,0,7,0,0,,,,
,65148,17,2022-01-02,18:00:00 GMT,NORMAL,COMPLETED,,,,,,,,,68,ATL,Atlanta,Falcons,48,BUF,Buffalo,Bills,1390,Highmark Stadium,15,29,2,14,13,0,0,8,0,7,,,,
,65150,17,2022-01-02,18:00:00 GMT,NORMAL,COMPLETED,,,,,,,,,73,KC,Kansas City,Chiefs,57,CIN,Cincinnati,Bengals,1099,Paul Brown Stadium,31,34,14,7,14,10,0,7,3,10,,,,
,65151,17,2022-01-02,18:00:00 GMT,NORMAL,COMPLETED,,,,,,,,,54,PHI,Philadelphia,Eagles,55,WAS,Washington,Football Team,1157,FedEx Field,20,16,0,10,7,6,7,0,6,0,,,,
,65137,17,2022-01-02,21:05:00 GMT,NORMAL,COMPLETED,,,,,,,,,64,HOU,Houston,Texans,78,SF,San Francisco,49ers,1144,Levi's Stadium,7,23,0,0,7,3,0,7,0,13,,,,
,65146,17,2022-01-02,21:05:00 GMT,NORMAL,COMPLETED,,,,,,,,,72,DEN,Denver,Broncos,75,LAC,Los Angeles,Chargers,1288,SoFi Stadium,13,34,0,7,3,10,0,3,10,14,,,,
,65140,17,2022-01-02,21:25:00 GMT,NORMAL,COMPLETED,,,,,,,,,69,CAR,Carolina,Panthers,70,NO,New Orleans,Saints,1398,Caesars Superdome,10,18,3,3,7,6,0,3,0,6,,,,
,65142,17,2022-01-02,21:25:00 GMT,NORMAL,COMPLETED,,,,,,,,,61,DET,Detroit,Lions,79,SEA,Seattle,Seahawks,1352,Lumen Field,29,51,0,10,7,21,15,7,7,13,,,,
,65149,17,2022-01-02,21:25:00 GMT,NORMAL,COMPLETED,,,,,,,,,76,ARI,Arizona,Cardinals,52,DAL,Dallas,Cowboys,1103,AT&T Stadium,25,22,3,0,10,7,9,0,3,15,,,,
,65136,17,2022-01-02,01:20:00 GMT,NORMAL,COMPLETED,,,,,,,,,63,MIN,Minnesota,Vikings,62,GB,Green Bay,Packers,1108,Lambeau Field,10,37,0,3,3,17,7,10,0,7,,,,
,65167,17,2022-01-03,01:15:00 GMT,NORMAL,COMPLETED,,,,,,,,,58,CLE,Cleveland,Browns,59,PIT,Pittsburgh,Steelers,1139,Heinz Field,14,26,0,0,0,10,7,3,7,13,,,,
,64894,18,2022-01-08,21:30:00 GMT,NORMAL,COMPLETED,,,,,,,,,73,KC,Kansas City,Chiefs,72,DEN,Denver,Broncos,1289,Empower Field at Mile High,28,24,7,7,3,7,7,7,11,3,,,,
,65152,18,2022-01-08,01:15:00 GMT,NORMAL,COMPLETED,,,,,,,,,52,DAL,Dallas,Cowboys,54,PHI,Philadelphia,Eagles,1138,Lincoln Financial Field,51,26,10,7,20,10,0,3,21,6,,,,
,65153,18,2022-01-09,18:00:00 GMT,NORMAL,COMPLETED,,,,,,,,,62,GB,Green Bay,Packers,61,DET,Detroit,Lions,1106,Ford Field,30,37,7,7,6,10,3,7,14,13,,,,
,65156,18,2022-01-09,18:00:00 GMT,NORMAL,COMPLETED,,,,,,,,,65,IND,Indianapolis,Colts,66,JAX,Jacksonville,Jaguars,1266,TIAA Bank Field,11,26,0,7,3,6,0,10,8,3,,,,
,65157,18,2022-01-09,18:00:00 GMT,NORMAL,COMPLETED,,,,,,,,,55,WAS,Washington,Football Team,53,NYG,New York,Giants,1132,MetLife Stadium,22,7,3,0,3,0,6,0,10,7,,,,
,65158,18,2022-01-09,18:00:00 GMT,NORMAL,COMPLETED,,,,,,,,,60,CHI,Chicago,Bears,63,MIN,Minnesota,Vikings,1246,US Bank Stadium,17,31,3,0,11,3,3,7,0,21,,,,
,65163,18,2022-01-09,18:00:00 GMT,NORMAL,COMPLETED,,,,,,,,,67,TEN,Tennessee,Titans,64,HOU,Houston,Texans,1110,NRG Stadium,28,25,0,0,21,0,0,10,7,15,,,,
,65164,18,2022-01-09,18:00:00 GMT,NORMAL,COMPLETED,,,,,,,,,59,PIT,Pittsburgh,Steelers,56,BAL,Baltimore,Ravens,1091,M&T Bank Stadium,16,13,3,0,0,3,3,7,7,3,3,0,,
,65166,18,2022-01-09,18:00:00 GMT,NORMAL,COMPLETED,,,,,,,,,57,CIN,Cincinnati,Bengals,58,CLE,Cleveland,Browns,1101,FirstEnergy Stadium,16,21,0,7,7,7,3,0,6,7,,,,
,65155,18,2022-01-09,21:25:00 GMT,NORMAL,COMPLETED,,,,,,,,,78,SF,San Francisco,49ers,77,LA,Los Angeles,Rams,1288,SoFi Stadium,27,24,0,3,3,14,14,0,7,7,3,0,,
,65159,18,2022-01-09,21:25:00 GMT,NORMAL,COMPLETED,,,,,,,,,69,CAR,Carolina,Panthers,71,TB,Tampa Bay,Buccaneers,1151,Raymond James Stadium,17,41,7,0,0,10,3,7,7,24,,,,
,65160,18,2022-01-09,21:25:00 GMT,NORMAL,COMPLETED,,,,,,,,,79,SEA,Seattle,Seahawks,76,ARI,Arizona,Cardinals,1269,State Farm Stadium,38,30,7,7,10,3,7,14,14,6,,,,
,65161,18,2022-01-09,21:25:00 GMT,NORMAL,COMPLETED,,,,,,,,,50,NE,New England,Patriots,49,MIA,Miami,Dolphins,1126,Hard Rock Stadium,24,33,0,14,7,3,3,7,14,9,,,,
,65162,18,2022-01-09,21:25:00 GMT,NORMAL,COMPLETED,,,,,,,,,70,NO,New Orleans,Saints,68,ATL,Atlanta,Falcons,1130,Mercedes-Benz Stadium,30,20,7,3,17,3,0,7,6,7,,,,
,65165,18,2022-01-09,21:25:00 GMT,NORMAL,COMPLETED,,,,,,,,,51,NYJ,New York,Jets,48,BUF,Buffalo,Bills,1390,Highmark Stadium,10,27,0,10,7,3,3,0,0,14,,,,
,65154,18,2022-01-09,01:20:00 GMT,NORMAL,COMPLETED,,,,,,,,,75,LAC,Los Angeles,Chargers,74,LV,Las Vegas,Raiders,1287,Allegiant Stadium,32,35,0,10,14,7,0,3,15,9,3,6,,
